--[[
Encrypted by Hackers House
Tool : https://hackershouse.tech/online-lua-obfuscator-free-unlimited
Version: 1.1.0
]]
_G["ppVEGJDcbu"]=function(src)
  local box={__src=src}
  return setmetatable({}, {
    __index=function(_,k) return box.__src[k] end,
    __newindex=function(_,k,v) box.__src[k]=v end
  })
end
_G["RRGhbjBL1DCh"]=function(a,b)
  if type(a)~="table" then return nil end
  local mt=getmetatable(a)
  if mt and mt.__index then return a[b] end
  local p=_G["ppVEGJDcbu"](a)
  return p[b]
end
_G["KLrx6uFp"]={{k=53,b={138,131,109,101,110,124,139,118,102,142,103,129}},{k=179,b={6,1,3,4,30,254,5,6,234,42,236,39,227}},{k=180,b={40,21,22,32,25}},{k=70,b={172,153,165,140,172,168,160,152,183,157,170,174,178,183}},{k=49,b={120,124,164,100,138,169,170,148,120}},{k=64,b={}},{k=192,b={19,14,16,17,43,11,18,19,247,55,249,52,240}},{k=182,b={28,43,36,25,42,31,37,36}},{k=122,b={238,219,220,230,223}},{k=140,b={2,1,79,1,1,1,69,179,190,89,111,111,187,190,178,176,187,111,186,191,176,195,181,158,149,146,136,133,187,140,129,135,89,111,111,187,190,178,176,187,111,144,135,155,154,168,159,174,176,140,131,131,89,111,111,184,181,111,119,119,119,186,191,176,195,181,158,149,146,136,133,187,121,144,135,2,3,123,14,198,1,72,87,74,0,139,78,104,144,196,131,234,43,104,95,169,126,9,226,96,57,247,157,200,83,87,74,0,139,78,104,144,144,148,148,235,144,27,104,17,143,27,131,131,131,131,234,43,104,95,169,126,9,226,96,57,247,170,200,83,87,74,0,139,78,104,144,157,57,144,196,131,131,2,3,203,14,198,1,40,58,123,184,175,249,206,89,50,176,137,71,237,137,224,250,211,24,163,167,154,80,219,158,184,237,137,224,224,224,228,228,59,224,107,175,19,236,97,77,2,3,62,6,206,1,64,90,105,45,35,90,222,130,61,191,70,251,120,56,125,35,241,75,111,66,46,112,90,105,45,35,90,222,151,95,125,236,176,76,65,211,176,75,236,111,46,112,145,70,75,90,55,222,130,120,135,55,222,50,105,112,222,222,75,60,222,130,61,191,2,2,218,1,1,1,65,178,129,172,236,171,185,143,177,229,229,238,234,250,174,178,189,184,212,250,250,250,250,157,181,171,144,148,240,191,137,148,177,144,229,157,181,171,144,148,240,191,137,148,177,144,243,233,212,250,250,250,250,177,192,250,242,157,181,171,144,148,240,191,137,2,2,46,1,1,1,88,104,69,124,8,27,5,1,6,105,65,95,124,104,28,75,125,104,69,124,8,27,5,17,17,30,14,90,70,73,68,14,90,31,97,70,117,96,32,95,77,123,69,17,22,22,28,14,73,66,95,73,14,90,31,97,70,117,96,32,95,77,123,69,17,29,32,32,21,14,73,68,74,40,14,14,73,66,95,73,69,76,14,90,31,97,70,117,2,2,57,1,1,1,46,75,11,76,90,112,82,6,6,1,1,15,25,77,81,94,87,51,25,51,85,88,92,90,85,25,127,11,105,110,128,74,106,110,10,112,106,92,105,84,78,4,25,93,88,25,2,1,60,1,1,1,52,168,171,159,157,168,92,178,146,150,144,168,127,137,165,171,168,159,127,121,183,70,92,92,92,92,92,70,92,92,92,92,151,131,135,175,111,149,180,181,159,131,100,100,109,103,111,115,105,111,115,101,2,2,167,1,1,1,41,144,252,135,156,135,226,238,214,150,0,223,224,198,226,143,143,149,142,148,147,140,148,147,144,144,139,173,135,135,135,135,254,226,238,214,150,0,223,224,198,2,2,41,1,1,1,74,112,1,1,28,4,18,27,6,18,27,2,2,118,9,22,9,112,100,92,28,114,81,82,76,112,1,1,29,4,31,25,6,31,25,2,2,5,35,9,9,9,9,116,112,100,92,28,114,81,82,76,112,1,1,30,4,31,32,6,31,32,2,2,118,9,22,9,112,100,92,28,114,81,2,3,98,12,164,1,86,149,163,111,26,26,180,59,191,213,81,191,213,37,37,70,208,194,194,194,194,75,111,155,83,147,53,138,149,163,111,26,26,191,59,125,114,202,81,125,114,202,37,37,97,194,1,194,111,155,83,147,53,138,149,163,111,26,26,202,59,125,125,191,81,125,125,191,37,37,70,208,194,194,194,194,75,111,155,83,147,53,138,149,163,111,2,2,115,1,1,1,63,91,91,76,90,68,67,71,96,68,67,71,92,92,48,83,80,83,54,58,2,66,44,11,12,18,54,91,91,68,67,90,75,67,96,75,67,92,92,95,121,83,83,83,83,42,54,58,2,66,44,11,12,18,54,91,91,68,68,90,68,70,96,2,2,123,1,1,1,58,76,78,84,84,40,91,72,91,62,50,10,74,36,3,4,26,62,83,83,76,73,82,76,75,74,88,76,75,74,84,84,87,113,91,91,91,91,34,62,50,10,74,36,3,4,26,62,83,83,76,74,82,67,67,88,67,67,2,2,162,1,1,1,89,137,137,253,130,157,130,231,235,211,147,249,218,217,195,231,138,138,145,150,139,150,152,141,150,152,137,137,142,172,130,130,130,130,251,231,235,211,147,249,218,217,195,231,138,138,145,149,139,150,148,141,150,148,137,137,253,130,157,130,231,235,211,147,249,218,217,195,231,138,138,145,152,139,151,154,141,151,154,137,137,142,172,130,130,130,130,251,231,2,3,218,6,206,1,71,81,25,217,151,50,55,201,61,162,162,207,237,177,237,212,187,237,212,167,167,171,122,11,122,61,81,25,217,151,50,55,201,61,162,162,207,242,177,207,207,212,187,207,207,212,167,167,182,12,122,122,122,122,161,61,81,25,217,151,50,55,201,61,162,162,207,247,177,227,232,2,1,230,1,1,1,59,19,27,28,15,15,67,6,35,6,45,49,89,25,63,94,95,73,45,14,14,24,22,17,31,24,19,31,24,15,15,18,240,240,6,6,6,6,6,240,6,6,6,6,65,45,49,89,25,63,94,95,73,45,14,14,24,23,17,2,3,141,24,168,1,65,149,11,152,149,11,60,60,232,109,8,109,238,74,226,34,140,85,108,114,238,37,37,11,11,106,149,80,152,149,80,60,60,129,115,109,109,109,109,186,238,74,226,34,140,85,108,114,238,37,37,11,34,106,57,172,152,57,172,60,60,232,109,8,109,2,1,117,1,1,1,76,188,192,232,168,206,237,238,216,188,157,157,167,169,160,170,167,162,170,167,158,158,161,127,149,149,149,149,208,188,192,232,168,206,237,238,216,188,157,157,167,170,160,169,166,162,169,166,158,158,210,149,178,149,188,192,232,168,206,237,238,216,188,157,157,167,171,160,169,170,162,169,170,158,158,161,2,3,218,22,62,1,59,172,122,122,122,122,81,173,1,73,9,39,178,199,249,173,34,34,244,93,97,93,51,139,93,51,55,55,123,122,219,122,173,1,73,9,39,178,199,249,173,34,34,244,114,97,30,30,139,30,30,55,55,118,172,122,122,122,122,2,3,186,18,242,1,70,197,113,181,93,29,163,178,195,77,113,98,98,12,131,149,114,234,183,114,234,115,115,231,218,199,218,113,181,93,29,163,178,195,77,113,98,98,29,234,149,80,234,183,80,234,115,115,166,100,218,218,218,218,197,113,181,93,29,163,178,195,77,113,98,98,29,251,149,131,2,1,112,1,1,1,50,160,157,169,160,153,153,205,144,173,144,183,187,227,163,201,232,233,211,183,152,152,163,162,155,166,164,157,166,164,153,153,156,122,144,144,144,144,203,183,187,227,163,201,232,233,211,183,152,152,2,2,101,1,1,1,78,88,88,80,86,86,81,74,86,86,81,78,78,58,69,90,69,36,48,24,88,62,29,30,8,36,77,77,88,81,80,86,85,86,74,86,85,86,78,78,73,111,69,69,69,69,64,36,48,24,88,62,29,30,8,36,77,77,88,82,80,81,88,74,81,88,78,78,58,69,90,69,36,48,24,88,62,29,2,3,30,20,28,1,70,25,119,99,22,22,231,32,79,32,212,117,32,212,41,41,98,220,126,126,126,126,223,99,175,167,231,185,6,25,119,99,22,22,231,51,79,193,32,117,193,32,41,41,5,126,165,126,99,175,167,231,185,6,25,119,99,22,22,231,70,79,70,13,117,70,13,41,41,98,2,1,207,1,1,1,84,217,217,239,239,239,239,239,217,239,239,239,239,42,22,26,66,2,40,71,72,50,22,247,247,2,8,250,8,0,252,8,0,248,248,44,239,12,239,22,26,66,2,40,71,72,50,22,247,247,3,255,250,0,0,3,252,0,0,3,248,248,251,217,239,239,239,239,42,22,26,66,2,40,71,72,50,22,247,247,3,0,250,3,2,3,56,22,62,1,58,208,233,124,208,149,149,217,216,57,216,11,95,167,103,133,16,37,87,11,128,128,124,82,191,82,187,233,82,187,149,149,212,10,216,216,216,216,175,11,95,167,103,133,16,37,87,11,128,128,124,103,191,166,208,233,166,208,2,3,36,24,168,1,71,211,211,127,4,159,4,133,225,121,185,35,236,3,9,133,188,188,208,208,1,44,162,47,44,162,211,211,24,10,4,4,4,4,81,133,225,121,185,35,236,3,9,133,188,188,208,231,1,162,254,47,162,254,211,211,127,4,159,4,133,225,121,185,35,236,3,9,133,188,188,2,3,186,4,172,1,60,86,92,59,86,83,65,86,83,53,53,62,216,26,26,26,26,203,143,155,19,83,197,34,37,227,143,50,50,86,95,59,80,101,65,80,101,53,53,209,26,113,26,143,155,19,83,197,34,37,227,143,50,50,86,98,59,83,80,65,2,3,67,12,164,1,66,116,105,6,6,39,177,163,163,163,163,44,80,124,52,116,22,107,118,132,80,251,251,127,182,28,138,149,50,138,149,6,6,66,163,226,163,80,124,52,116,22,107,118,132,80,251,251,138,83,28,127,83,50,127,83,6,6,39,177,163,163,163,163,44,80,2,3,123,24,168,1,55,56,208,16,122,67,90,96,220,19,19,62,226,88,226,226,16,134,226,226,16,42,42,214,91,246,91,220,56,208,16,122,67,90,96,220,19,19,62,249,88,85,131,134,85,131,42,42,111,97,91,91,91,91,168,2,2,154,1,1,1,39,223,211,235,171,193,226,225,251,223,178,178,173,171,179,173,162,181,173,162,177,177,197,186,165,186,223,211,235,171,193,226,225,251,223,178,178,173,174,2,2,202,1,1,1,55,227,252,253,229,252,253,225,225,230,196,196,234,234,234,234,234,196,234,234,234,234,147,143,131,187,251,145,178,177,171,143,226,226,253,253,227,242,241,229,242,241,225,225,149,234,245,234,143,131,187,251,145,178,177,2,3,112,12,164,1,89,177,125,40,40,183,194,73,194,216,95,194,216,51,51,84,222,208,208,208,208,89,125,169,97,161,67,152,163,177,125,40,40,183,205,73,183,139,95,183,139,51,51,111,208,15,208,125,169,97,161,67,152,163,177,125,40,40,183,216,73,139,128,161,95,139,128,161,51,51,84,222,208,208,208,208,89,125,169,97,161,67,152,163,177,125,40,40,183,2,2,13,1,1,1,45,54,40,62,57,34,62,57,38,38,82,45,50,45,76,72,128,64,86,117,118,112,76,37,37,59,61,40,58,62,34,58,62,38,38,33,7,45,45,45,45,88,76,72,128,2,3,29,18,242,1,50,128,6,21,38,176,212,197,197,179,94,248,230,196,26,230,196,214,214,74,61,42,61,212,24,192,128,6,21,38,176,212,197,197,179,111,248,94,111,77,26,94,111,77,214,214,9,199,61,61,2,3,185,22,62,1,40,89,89,48,140,224,40,232,6,145,166,216,140,1,1,39,232,64,253,18,106,253,18,22,22,90,89,186,89,140,224,40,232,6,145,166,216,140,1,1,2,2,66,1,1,1,82,120,118,107,115,116,109,115,116,105,105,110,76,76,98,98,98,98,98,76,98,98,98,98,27,7,11,51,115,25,58,57,35,7,106,106,120,117,107,116,115,109,116,115,105,105,29,98,125,98,7,11,51,115,25,58,57,35,7,106,106,120,120,107,119,122,109,119,122,105,105,110,76,98,98,98,98,27,7,11,51,115,2,1,98,1,1,1,65,187,218,219,197,169,138,138,152,153,141,147,150,143,147,150,139,139,191,130,159,130,169,173,213,149,187,218,219,197,169,138,138,152,154,141,147,146,147,143,147,146,147,139,139,142,108,130,130,130,130,189,169,173,213,149,187,218,219,197,169,138,138,152,155,2,3,229,18,242,1,51,192,174,123,226,174,123,158,158,18,5,242,5,156,224,136,72,206,221,238,120,156,141,141,140,21,192,38,38,72,226,38,38,72,158,158,209,143,5,5,5,5,240,156,224,136,72,206,221,238,120,2,1,35,1,1,1,61,106,75,75,90,84,78,90,89,80,90,89,76,76,128,67,96,67,106,110,150,86,124,155,156,134,106,75,75,90,85,78,86,89,80,86,89,76,76,79,45,67,67,67,67,126,106,110,150,86,124,155,156,134,106,75,75,90,86,78,84,2,1,169,1,1,1,63,221,214,218,221,210,210,6,201,230,201,240,244,28,220,2,33,34,12,240,209,209,224,221,212,218,219,217,214,218,219,217,210,210,213,179,201,201,201,201,4,240,244,28,220,2,33,34,12,240,209,209,224,222,212,226,214,226,210,210,6,201,230,2,1,105,1,1,1,55,137,176,180,220,156,194,225,226,204,176,145,145,160,159,148,160,157,150,160,157,146,146,149,115,115,137,137,137,137,137,115,137,137,137,137,196,176,180,220,156,194,225,226,204,176,145,145,160,160,148,154,162,150,154,2,1,146,1,1,1,81,203,187,187,239,178,207,178,217,221,5,197,235,10,11,245,217,186,186,201,202,189,202,191,202,187,187,190,156,178,178,178,178,237,217,221,5,197,235,10,11,245,217,186,186,201,203,189,199,195,191,199,195,187,187,239,178,207,178,217,221,5,197,235,10,11,245,217,186,186,202,194,189,195,194,196,191,195,194,196,187,2,2,203,1,1,1,60,228,231,193,235,235,235,235,146,142,130,186,250,148,179,180,170,142,227,227,243,252,226,250,0,232,250,0,228,228,152,235,248,235,142,130,186,250,148,179,180,170,142,227,227,243,249,226,244,255,232,244,255,228,228,231,193,235,235,235,2,1,223,1,1,1,82,255,58,38,42,82,18,56,87,88,66,38,7,7,23,18,10,16,15,16,12,16,15,16,8,8,60,255,28,255,38,42,82,18,56,87,88,66,38,7,7,23,19,10,21,12,21,8,8,11,233,255,255,255,255,58,38,42,82,18,56,87,88,66,38,7,7,23,20,10,22,20,12,22,20,8,8,60,255,28,255,38,2,3,193,20,28,1,80,82,74,138,92,169,188,26,6,185,185,233,195,242,252,81,24,252,81,204,204,5,127,33,33,33,33,130,6,82,74,138,92,169,188,26,6,185,185,233,214,242,252,24,252,204,204,168,33,72,33,6,82,74,138,92,169,188,26,6,185,185,233,233,242,100,100,176,24,100,100,176,204,204,5,127,127,33,33,33,2,3,66,8,184,1,70,34,34,136,34,34,34,34,191,51,79,103,167,177,138,145,247,51,90,90,202,209,111,188,181,125,188,181,97,97,205,34,237,34,51,79,103,167,177,138,145,247,51,90,90,209,146,111,188,202,125,188,202,97,97,118,136,34,34,34,34,191,51,79,103,167,177,138,145,247,2,2,74,1,1,1,42,15,98,98,113,121,99,121,122,123,101,121,122,123,97,97,21,106,117,106,15,3,59,123,17,50,49,43,15,98,98,113,124,99,121,121,114,101,121,121,114,97,2,2,175,1,1,1,64,136,131,165,143,143,143,143,246,234,230,222,158,248,215,216,206,234,135,135,152,158,134,156,152,132,156,152,136,136,244,143,148,143,234,230,222,158,248,215,216,206,234,135,135,152,155,134,160,160,153,132,160,160,153,136,136,131,165,143,143,143,143,246,2,3,216,14,198,1,91,115,167,175,111,93,240,253,223,115,224,224,189,137,7,98,189,33,98,189,237,237,145,120,241,120,115,167,175,111,93,240,253,223,115,224,224,189,150,7,163,124,33,163,124,237,237,20,90,120,120,120,120,119,115,167,175,111,93,240,253,223,115,224,224,189,163,7,111,85,33,111,85,237,237,145,120,241,120,115,167,175,111,93,240,253,223,115,224,224,189,2,1,196,1,1,1,56,252,239,245,244,244,241,245,244,244,237,237,240,206,228,228,228,228,31,11,15,55,247,29,60,61,39,11,236,236,253,253,239,245,246,241,245,246,237,237,33,228,1,228,11,15,55,247,29,60,61,39,11,236,236,245,2,3,12,22,62,1,52,252,252,147,143,101,189,143,101,105,105,168,222,172,172,172,172,131,223,51,123,59,89,228,249,43,223,84,84,17,252,17,147,17,38,252,189,17,38,252,105,105,173,172,13,172,223,51,123,59,89,228,2,1,34,1,1,1,41,155,133,105,74,74,83,82,84,77,91,90,79,91,90,75,75,78,44,66,66,66,66,125,105,109,149,85,123,154,155,133,105,74,74,83,82,85,77,83,82,2,2,135,1,1,1,56,172,184,183,176,176,220,167,188,167,194,206,246,182,224,255,0,230,194,175,175,184,183,179,174,178,172,178,176,176,171,141,167,167,167,167,222,194,206,246,182,224,255,0,230,194,175,175,184,183,180,174,179,192,172,179,2,1,116,1,1,1,51,173,157,157,209,148,177,148,187,191,231,167,205,236,237,215,187,156,156,165,164,170,159,166,168,161,166,168,157,157,160,126,148,148,148,148,207,187,191,231,167,205,236,237,215,187,156,156,165,164,171,2,2,65,1,1,1,56,108,114,114,116,110,114,114,116,106,106,30,97,126,97,8,12,52,116,26,57,58,36,8,105,105,114,113,121,108,114,113,117,110,114,113,117,106,106,75,62,124,97,7,115,17,22,8,50,18,22,114,24,18,36,17,2,3,189,6,206,1,47,212,6,238,11,107,127,97,217,12,62,202,232,217,172,12,93,182,227,177,239,239,217,232,172,162,217,93,212,193,127,31,172,31,167,178,208,117,173,239,177,232,239,93,93,217,232,2,1,163,1,1,1,43,6,4,15,195,229,10,25,241,236,245,250,251,18,7,15,19,240,224,9,24,17,6,23,12,18,17,203,253,17,28,22,244,14,230,244,16,21,212,27,2,252,237,2,1,10,1,1,1,79,51,20,115,112,42,120,121,126,42,100,120,131,125,91,117,77,91,119,124,59,130,105,99,84,42,121,124,42,93,88,90,91,117,85,92,93,65,129,67,126,58,50,105,81,54,50,112,127,120,109,126,115,121,120,50,51,118,121,109,107,118,42,117,71,50,50,59,60,66,52,59,51,53,50,66,55,66,51,2,3,173,12,164,1,87,112,54,81,114,238,216,81,13,227,76,246,211,233,233,145,101,101,211,233,32,123,200,112,134,101,211,189,156,211,189,112,112,145,101,101,211,233,189,123,200,112,134,101,222,156,222,112,112,145,101,101,211,211,32,123,200,112,134,101,32,156,32,112,112,12,54,15,114,147,13,48,76,101,101,200,123,200,112,134,101,200,10,156,200,10,112,2,2,55,1,1,1,73,32,27,22,85,23,83,90,23,91,90,86,88,91,23,65,12,85,110,96,108,28,94,14,23,96,81,23,65,11,31,31,7,30,8,16,32,28,8,16,32,23,67,95,84,89,23,65,12,65,30,31,31,5,4,1,30,8,4,32,28,8,4,32,23,84,89,83,14,23,85,110,96,2,2,206,1,1,1,90,145,241,191,186,192,165,164,171,228,175,166,173,192,230,188,229,238,169,164,170,247,238,192,169,186,185,192,164,238,186,173,176,162,169,228,175,163,164,175,173,186,230,176,229,238,169,164,170,229,230,229,229,230,152,164,181,191,157,167,143,157,161,192,253,182,147,149,136,229,238,180,241,238,139,135,191,255,149,182,181,175,139,230,230,253,254,245,231,253,2,1,123,1,1,1,44,172,172,168,172,172,172,164,164,155,239,227,224,233,155,237,224,239,240,237,233,155,213,233,244,238,204,230,190,204,232,237,172,243,218,212,197,155,224,233,223,133,155,155,2,3,227,14,198,1,67,131,131,131,101,131,131,131,131,56,17,131,113,109,243,52,126,160,0,52,96,78,0,234,243,82,212,130,117,121,8,186,0,82,74,0,108,173,96,251,182,104,165,156,131,199,43,4,121,101,131,131,131,131,131,131,131,131,173,4,199,212,173,121,131,113,109,2,2,34,1,1,1,83,114,117,103,81,113,117,17,119,113,67,114,75,85,123,124,80,89,83,113,75,99,113,77,84,17,90,127,121,108,125,44,2,2,2,2,69,80,70,44,2,2,2,2,2,44,2,2,2,2,72,79,84,2,119,127,85,107,87,99,102,74,17,72,110,14,2,118,68,103,88,127,104,17,2,73,80,2,127,103,123,10,72,2,3,200,12,164,1,68,207,130,9,196,75,141,130,128,139,108,141,9,243,108,40,97,103,128,128,128,59,216,161,48,139,183,48,139,161,128,15,183,15,139,139,81,108,141,9,243,108,40,254,103,17,128,128,238,216,238,150,227,139,161,128,238,238,183,238,238,139,139,172,227,48,37,172,2,2,68,1,1,1,82,108,108,115,123,119,105,113,107,111,113,107,112,108,108,114,116,120,106,115,107,105,108,115,115,111,115,115,107,107,112,114,116,119,63,121,38,45,50,100,43,127,108,108,115,106,115,107,105,108,118,111,118,107,107,112,97,34,100,40,45,100,48,45,33,35,48,100,54,127,34,25,43,31,111,41,121,100,43,38,100,54,2,1,224,1,1,1,47,28,8,8,8,16,11,22,9,13,22,9,11,8,18,16,13,18,16,9,9,0,84,72,69,78,0,86,29,86,11,8,8,18,21,22,10,17,9,11,8,18,16,13,18,16,9,2,1,83,1,1,1,86,124,115,184,193,183,142,115,181,174,188,176,144,198,199,197,188,193,186,129,182,187,180,197,123,201,124,115,184,193,183,142,115,197,184,199,200,197,193,115,199,180,181,191,184,129,182,194,193,182,180,199,123,181,124,115,184,193,183,124,123,124,176,123,153,133,163,168,154,196,164,168,132,170,164,182,163,190,200,124,115,183,194,93,115,115,2,2,62,1,1,1,49,30,30,30,30,30,30,85,92,30,104,84,69,79,109,87,127,109,81,80,13,70,99,101,120,8,92,85,84,90,22,107,99,73,119,75,127,122,86,13,92,114,18,30,22,22,13,23,11,2,1,103,1,1,1,89,144,148,158,144,147,135,219,217,220,204,144,135,219,207,204,213,113,135,135,135,135,135,135,135,135,135,135,135,135,193,213,224,218,184,210,170,184,212,217,152,223,198,192,177,135,164,135,193,213,224,218,184,210,170,184,212,217,152,223,198,192,177,161,206,218,220,201,143,190,198,220,178,222,170,171,207,152,205,179,147,135,187,201,174,221,198,173,152,2,2,42,1,1,1,62,1,36,10,10,10,10,10,10,10,10,77,72,78,36,10,10,10,10,77,72,78,36,10,10,10,10,92,77,94,93,92,72,10,116,72,81,91,121,67,107,121,69,92,25,82,119,113,100,36,10,10,77,72,78,36,10,10,70,71,75,73,2,2,207,1,1,1,64,163,239,191,171,152,190,144,172,129,247,138,129,158,172,246,239,171,162,239,163,162,174,176,163,239,133,172,162,138,169,247,187,152,136,169,170,244,231,231,0,230,0,255,232,228,0,255,232,246,239,191,171,152,190,144,172,129,247,138,129,158,172,244,2,2,105,1,1,1,54,35,14,8,48,15,81,29,50,34,15,16,73,14,7,13,99,73,73,5,8,12,10,5,73,14,30,36,19,16,43,26,44,11,84,73,13,8,73,5,8,12,10,5,73,60,82,44,81,82,62,30,51,86,2,1,129,1,1,1,80,252,254,188,161,230,246,204,251,232,195,242,196,227,190,212,186,196,185,186,214,246,219,161,230,239,229,139,161,161,230,246,204,251,232,195,242,196,227,220,169,169,178,172,178,185,170,174,178,185,170,222,190,231,246,239,228,245,234,240,239,169,175,175,175,170,161,243,230,245,246,243,239,161,195,232,247,207,202,211,2,3,97,14,198,1,42,204,217,4,117,221,17,74,105,183,183,183,118,1,130,247,117,227,1,1,208,5,243,147,104,147,91,222,44,217,209,122,143,82,247,104,69,182,4,247,105,183,2,3,219,8,184,1,68,29,29,250,33,187,187,187,187,207,228,144,130,207,187,242,158,232,225,28,214,71,64,239,21,134,243,243,50,8,85,250,22,85,250,33,187,187,187,187,28,179,186,207,158,187,7,249,14,158,187,151,228,33,187,187,187,187,187,187,186,165,187,242,158,232,225,28,2,3,191,6,206,1,80,224,195,190,59,13,240,240,135,135,135,180,150,180,215,140,160,180,215,140,150,135,180,175,160,180,175,140,140,95,3,199,184,229,241,95,95,95,95,95,95,95,95,249,184,3,8,249,229,95,184,8,54,33,194,9,244,14,169,134,239,179,124,254,4,184,69,215,34,69,94,184,144,135,165,165,165,140,241,95,2,2,148,1,1,1,76,180,180,180,180,180,247,0,225,247,154,180,180,180,180,180,180,180,180,226,247,232,231,226,254,180,254,251,0,154,180,180,180,180,180,180,247,254,248,154,180,180,180,180,247,254,248,154,180,180,247,254,248,154,247,254,248,154,154,0,253,241,243,0,180,217,0,214,243,226,221,211,194,161,221,248,2,3,57,24,168,1,84,85,96,4,229,134,25,53,50,25,237,50,30,240,237,25,234,151,13,151,131,82,246,7,42,243,180,70,116,134,25,246,237,131,240,119,82,16,151,206,82,53,85,96,4,229,180,234,151,13,151,131,82,246,7,42,243,25,76,27,53,31,31,237,50,30,240,237,25,99,188,27,30,165,168,50,27,25,211,39,96,142,36,211,2,1,72,1,1,1,61,127,145,186,173,183,160,172,161,124,112,141,194,174,180,174,128,139,124,184,188,188,121,155,145,178,113,82,104,104,104,104,177,174,104,147,180,142,169,186,151,137,154,123,151,172,140,185,181,124,163,141,194,174,180,174,128,139,124,184,188,2,3,25,24,168,1,79,133,128,142,168,159,116,249,133,113,44,251,249,87,44,133,156,87,251,249,44,251,21,255,249,249,249,249,142,27,73,96,182,214,119,142,10,202,56,133,105,177,162,122,13,177,67,156,251,254,133,136,18,251,177,200,205,18,254,208,205,249,182,148,33,174,102,205,18,254,208,205,249,231,148,38,177,177,128,2,3,68,12,164,1,67,183,139,18,95,7,29,252,95,128,51,95,128,7,7,40,252,252,95,172,106,29,95,150,7,51,95,150,7,40,252,252,95,172,84,18,95,7,29,252,128,51,128,7,7,40,252,252,95,183,95,29,139,7,51,139,7,40,252,252,95,183,95,18,95,7,29,2,3,94,6,206,1,76,38,83,113,63,83,113,43,43,207,133,92,137,152,254,107,143,38,38,83,48,83,43,53,38,83,78,63,83,78,43,43,58,13,72,254,82,137,254,122,137,77,67,122,254,172,143,72,37,107,47,63,117,133,254,107,92,254,172,138,38,38,38,78,53,108,43,63,108,43,53,38,83,88,63,83,2,3,42,24,168,1,50,168,217,217,10,150,130,61,12,10,196,165,196,7,168,237,4,10,61,12,38,119,10,248,87,153,133,165,127,150,104,153,12,107,76,15,130,225,104,194,196,217,10,61,12,38,119,10,104,61,2,1,214,1,1,1,40,74,75,72,68,246,74,55,56,66,59,4,57,69,68,57,55,74,254,56,255,246,59,68,58,255,254,255,255,254,60,75,68,57,74,63,69,68,254,255,2,2,147,1,1,1,64,153,179,179,179,179,179,179,179,179,255,254,242,244,255,179,241,254,215,233,229,166,164,247,179,176,179,216,233,245,255,245,171,210,167,227,231,231,164,194,220,249,189,199,248,235,231,153,179,179,179,179,179,179,179,179,255,254,242,244,255,179,213,209,2,2,80,1,1,1,83,125,32,23,63,22,63,123,17,62,112,115,112,37,124,22,54,45,54,46,127,121,24,128,104,46,33,12,54,58,121,127,44,103,70,112,112,112,112,112,112,112,112,39,42,112,10,14,125,32,23,63,22,63,123,17,62,112,50,115,112,46,33,12,54,58,121,127,44,112,60,40,43,34,70,112,112,112,112,112,112,112,112,2,2,197,1,1,1,86,229,229,229,229,130,191,163,169,163,253,136,241,181,177,177,246,152,142,175,235,145,162,189,177,229,250,229,131,135,248,149,158,182,159,182,242,156,183,207,229,229,229,229,229,229,229,229,162,171,161,207,229,229,229,229,229,229,229,229,144,169,131,166,183,140,134,151,248,140,161,129,182,170,241,160,130,191,163,169,163,253,136,241,181,177,2,2,15,1,1,1,62,123,64,94,72,101,84,47,52,47,123,125,124,108,5,47,47,47,47,108,97,107,40,5,108,97,107,5,99,98,110,112,99,47,89,77,66,71,91,69,76,106,105,52,105,124,97,110,123,104,98,97,39,76,117,105,99,105,55,78,59,127,2,2,114,1,1,1,52,6,6,65,35,57,28,89,124,25,24,82,59,30,56,17,4,63,49,36,67,63,22,54,1,29,70,43,53,12,24,30,24,74,51,70,2,6,6,65,35,57,28,45,82,6,26,21,32,82,4,21,2,2,193,1,1,1,59,181,182,179,175,225,166,175,165,203,225,225,225,225,160,136,156,233,167,182,175,164,181,170,176,175,233,234,173,176,164,162,173,225,172,254,233,233,242,249,243,236,242,249,234,238,242,249,234,252,173,176,164,162,173,225,163,254,188,2,3,96,12,164,1,91,24,24,24,145,200,57,200,35,79,200,35,57,24,189,79,189,35,35,68,24,24,134,167,57,156,35,79,156,35,68,24,24,24,134,145,57,123,167,35,79,123,167,35,57,24,200,79,200,35,35,68,24,24,145,156,57,189,35,79,189,35,68,24,24,145,156,46,123,35,57,24,123,189,79,123,189,35,35,191,233,194,37,70,192,227,255,24,24,123,57,2,2,198,1,1,1,69,245,242,237,233,245,242,237,234,231,168,230,162,171,230,170,171,167,165,170,230,180,249,168,159,173,153,233,175,255,230,173,164,230,180,250,238,238,246,239,253,237,233,253,237,230,178,174,161,172,230,180,249,180,239,238,238,248,241,244,239,245,243,237,233,245,243,237,230,2,3,92,6,206,1,92,85,130,80,131,252,70,35,105,45,141,155,160,150,105,130,95,66,75,100,65,150,36,170,41,252,85,130,80,131,252,150,85,160,165,150,130,252,160,65,70,120,85,66,75,135,130,75,65,160,36,70,41,252,85,130,80,41,36,41,45,36,90,165,130,75,160,105,135,130,36,41,142,252,252,252,252,252,252,252,252,120,135,75,65,120,252,70,135,176,190,170,2,2,28,1,1,1,61,45,43,128,60,39,60,95,98,126,120,126,36,89,48,108,112,112,43,73,83,114,54,80,127,100,112,18,60,60,60,60,60,60,60,60,120,117,121,123,120,60,94,90,41,76,67,107,66,107,47,69,106,60,39,60,113,48,66,98,121,2,1,86,1,1,1,76,208,184,135,141,174,134,126,184,197,154,208,204,141,135,186,127,96,118,118,118,118,118,118,118,118,191,188,118,156,152,137,166,175,199,176,199,139,181,200,118,212,147,118,184,197,154,208,204,141,135,186,118,202,190,187,196,96,118,118,118,118,118,118,118,118,118,118,118,118,155,208,188,194,188,142,2,3,67,4,172,1,93,12,223,147,159,159,214,60,30,129,205,63,114,171,159,163,250,163,21,9,220,51,78,150,81,150,226,96,153,97,163,163,163,163,163,163,163,163,114,141,111,97,163,163,163,163,163,163,163,163,36,135,21,102,153,48,6,57,220,48,111,15,150,138,223,84,18,177,117,135,117,235,12,223,147,159,159,214,60,30,129,90,163,250,163,159,153,162,114,97,163,163,163,2,3,179,14,198,1,54,83,212,73,199,200,53,212,73,199,53,53,47,86,186,160,47,83,225,164,73,186,151,8,86,73,83,91,117,112,104,216,212,152,138,143,139,65,17,221,13,151,187,200,53,83,83,83,83,47,86,186,160,47,2,1,33,1,1,1,68,65,154,102,102,118,106,134,110,120,100,147,116,102,77,65,111,137,89,102,102,86,103,155,150,90,154,136,153,131,145,106,65,94,65,116,111,113,114,140,108,115,116,88,152,90,149,81,73,128,104,77,73,135,150,143,132,149,138,144,143,73,74,141,144,132,130,141,2,1,26,1,1,1,92,58,133,87,66,66,76,74,79,68,75,67,69,66,78,71,78,67,67,85,134,137,125,123,134,58,124,87,149,66,66,80,75,68,75,67,69,66,75,82,71,75,82,67,67,70,66,66,78,82,69,83,67,71,83,67,70,66,66,66,78,80,69,75,82,67,71,75,82,67,69,66,77,71,77,67,67,70,79,81,70,66,66,79,81,69,75,75,67,71,75,75,2,3,29,20,28,1,53,40,100,126,175,90,147,125,232,164,192,97,182,99,125,137,90,125,33,90,118,80,33,125,223,164,99,222,232,4,116,14,126,125,232,175,125,223,145,173,125,185,213,156,71,125,223,164,223,78,211,12,31,2,2,21,1,1,1,79,53,114,123,113,48,53,119,80,126,74,42,104,97,103,126,123,116,59,120,125,118,103,61,99,62,53,114,123,113,48,53,103,114,97,98,103,123,53,97,118,119,121,114,59,120,124,123,120,118,97,61,119,62,53,114,123,113,62,61,62,62,61,115,98,123,120,97,126,124,123,61,62,31,53,53,53,53,53,2,1,175,1,1,1,84,207,207,207,27,30,18,16,27,207,5,249,226,248,249,27,26,36,24,31,27,1,207,236,207,14,246,10,215,21,36,29,18,35,24,30,29,215,216,27,30,18,16,27,207,26,236,215,215,215,225,227,218,226,216,220,226,216,218,215,225,226,220,225,226,216,216,234,27,30,18,16,27,207,17,236,42,215,215,215,224,225,230,218,2,2,159,1,1,1,92,176,176,184,180,176,176,184,182,183,171,180,171,184,184,179,183,183,176,173,172,182,176,172,184,180,176,172,184,179,183,183,176,171,175,182,176,170,184,180,176,170,184,179,176,174,167,179,183,183,176,173,176,181,176,184,182,183,176,167,180,176,167,184,184,179,183,183,183,176,171,174,182,174,184,180,174,184,182,183,176,173,180,176,173,184,184,179,183,183,176,174,2,3,149,22,62,1,74,196,7,154,242,28,221,154,3,70,154,3,242,242,49,221,221,221,154,175,238,28,196,242,70,196,242,28,221,175,133,70,175,133,242,242,49,221,221,154,217,133,7,154,242,28,221,196,70,196,242,242,49,221,221,154,175,154,7,154,242,28,221,238,70,238,242,242,49,221,221,154,217,133,2,1,139,1,1,1,46,181,188,180,182,179,188,196,184,188,196,180,180,183,179,179,188,189,188,181,188,180,182,179,188,191,184,188,191,180,180,183,179,179,179,188,189,189,182,188,189,180,184,188,189,180,2,3,204,24,168,1,87,169,100,143,215,143,123,123,192,100,100,51,97,74,169,51,143,123,215,51,143,123,192,100,100,51,74,143,169,51,143,123,215,51,143,123,7,25,246,197,10,172,59,71,100,100,100,51,169,235,123,215,235,123,169,100,97,215,97,123,123,192,241,154,172,200,197,172,128,197,177,131,128,172,102,71,154,249,59,39,215,105,25,172,59,246,172,2,1,182,1,1,1,59,44,242,222,222,230,225,231,235,223,227,231,235,223,214,42,30,27,36,214,44,243,44,225,232,235,236,214,27,36,26,241,214,24,17,31,19,243,41,42,40,31,36,29,228,25,30,23,40,222,44,223,214,27,36,26,241,214,40,2,3,115,12,164,1,37,202,111,122,89,45,211,111,158,169,23,202,109,180,56,45,180,158,111,43,169,54,211,202,45,191,54,43,54,114,43,224,158,34,202,54,225,2,1,104,1,1,1,80,136,136,136,136,136,136,136,136,212,215,203,201,212,136,199,221,161,223,219,213,219,222,192,193,136,165,136,190,178,155,177,178,212,211,221,209,216,212,186,150,199,199,214,205,223,209,214,204,205,224,114,136,136,136,136,136,136,136,136,187,182,184,185,211,179,186,187,159,223,161,220,152,144,199,175,148,144,206,221,2,1,70,1,1,1,41,180,169,186,175,181,180,110,111,178,181,169,167,178,102,177,131,110,110,110,120,120,113,122,111,115,122,111,113,110,119,122,115,119,122,111,111,129,178,181,169,2,2,157,1,1,1,63,254,241,189,255,162,232,181,181,174,176,172,184,171,182,178,171,182,177,181,181,174,175,176,183,174,182,184,181,174,170,178,174,170,182,182,177,174,176,165,177,181,181,174,176,171,183,174,182,184,181,174,171,178,174,171,182,182,177,181,181,174,175,2,2,116,1,1,1,58,65,89,65,91,95,65,91,96,92,92,67,67,75,89,67,75,91,95,67,75,91,96,92,92,92,67,66,66,89,71,91,95,71,91,89,92,75,95,75,91,91,96,92,92,67,65,65,89,72,91,95,72,91,96,92,92,92,2,1,13,1,1,1,56,62,64,63,56,63,54,58,63,54,56,53,63,62,58,63,62,54,54,57,53,53,53,62,64,61,56,62,66,54,58,62,66,54,56,53,68,58,68,54,54,57,53,53,62,65,64,56,62,67,54,58,62,67,54,138,2,2,71,1,1,1,85,126,33,42,53,103,48,124,111,111,120,110,117,112,108,117,112,107,102,37,103,35,42,103,43,42,38,40,43,103,49,124,37,30,48,28,108,46,126,103,48,33,103,49,123,111,111,119,110,120,120,112,108,120,120,112,103,51,47,36,41,103,49,124,49,110,111,111,111,117,116,113,110,120,119,112,108,120,119,112,110,111,120,115,108,2,3,80,6,206,1,45,69,84,29,29,240,73,118,68,119,240,58,23,93,33,129,143,148,138,93,118,83,54,63,88,53,138,24,158,29,240,73,118,68,119,240,138,73,148,153,138,118,240,148,53,2,3,122,18,242,1,65,252,166,47,136,13,217,200,13,235,46,34,252,51,154,47,200,30,51,34,51,51,34,48,100,221,83,100,166,149,63,115,234,166,236,102,154,64,235,166,29,47,51,36,36,154,154,154,154,154,154,154,154,48,100,221,83,100,166,149,63,115,234,166,236,2,1,126,1,1,1,43,172,221,221,236,227,245,231,236,226,227,246,158,187,158,209,204,206,207,233,201,208,209,181,245,183,242,174,166,221,197,170,166,228,243,236,225,242,231,237,236,166,167,2,3,168,24,168,1,72,92,161,141,95,92,136,69,35,15,107,199,245,92,161,141,95,92,136,118,35,181,15,61,156,64,64,84,110,15,87,133,64,38,38,179,38,38,87,87,156,38,38,156,38,156,64,64,38,133,38,87,179,38,87,156,64,64,15,15,133,15,107,87,179,15,107,87,156,64,64,15,2,2,30,1,1,1,83,42,55,45,46,53,49,45,46,53,50,54,54,45,38,55,41,53,49,41,53,50,54,54,48,46,56,45,53,55,54,45,38,49,45,38,53,53,50,45,43,50,54,54,42,56,45,53,55,54,45,43,49,45,43,53,53,97,39,124,115,112,62,117,33,54,54,45,55,45,37,53,49,45,37,53,50,63,128,62,122,115,62,2,3,185,12,164,1,42,93,126,250,228,93,25,203,88,239,162,60,184,168,82,66,25,60,27,25,203,77,113,113,201,135,212,124,146,113,212,44,168,212,44,124,124,25,181,49,16,115,2,1,120,1,1,1,65,152,238,181,238,163,170,173,174,152,221,230,220,179,152,218,211,225,213,181,235,236,234,225,230,223,166,219,224,217,234,160,238,161,152,221,230,220,179,152,234,221,236,237,234,230,152,236,217,218,228,221,166,219,231,230,219,217,236,160,218,161,152,221,230,2,3,196,6,206,1,47,184,145,140,145,145,140,194,13,234,179,8,209,239,234,140,94,194,3,33,84,18,244,24,215,29,69,179,160,100,28,195,109,185,23,23,119,160,100,39,29,215,229,29,229,210,19,2,3,26,14,198,1,80,155,172,47,156,186,186,186,186,186,186,186,186,186,186,186,186,111,72,186,34,68,72,241,63,42,24,202,142,229,155,3,33,12,207,241,103,34,181,233,241,177,159,50,63,33,181,34,34,151,151,138,73,177,190,99,177,190,47,47,47,186,189,228,186,68,72,241,63,42,24,202,142,229,155,3,33,12,207,241,2,3,13,20,28,1,93,224,5,82,158,150,214,168,245,8,102,82,5,5,176,176,176,62,214,100,214,24,24,24,109,74,131,109,35,159,150,8,253,207,93,25,34,44,196,102,91,120,150,224,5,82,158,150,214,168,245,8,102,82,5,5,176,176,195,62,214,15,100,214,15,24,24,24,24,109,64,55,121,109,245,214,92,176,226,226,130,109,148,148,109,82,158,150,214,168,245,8,102,2,3,58,18,242,1,39,241,226,226,123,123,157,21,3,225,55,3,225,243,243,90,238,34,239,136,228,90,90,90,90,90,90,90,90,90,90,90,90,90,90,90,90,241,207,2,1,119,1,1,1,69,174,228,188,228,173,186,188,209,151,180,151,226,171,209,241,218,241,217,168,174,207,167,159,214,190,210,159,221,236,229,218,235,224,230,229,159,160,227,230,218,216,227,151,226,180,159,159,159,169,169,167,162,168,174,160,164,168,174,160,162,159,173,164,173,160,160,178,227,2,1,159,1,1,1,63,14,2,0,11,191,1,220,26,199,199,215,207,202,216,200,204,216,200,203,199,199,214,212,202,208,215,200,204,208,215,200,203,199,199,214,216,202,209,200,204,209,200,203,199,199,199,215,207,202,211,200,204,211,200,202,199,209,209,204,209,209,200,2,2,120,1,1,1,55,95,92,96,96,65,80,94,71,95,93,96,69,91,69,95,95,92,66,79,92,96,96,65,68,93,71,70,95,91,71,70,95,92,96,96,66,65,94,71,95,93,96,71,79,91,71,79,95,95,11,77,18,25,6,2,1,14,1,1,1,66,46,119,75,54,54,54,63,57,68,55,59,68,55,57,54,67,59,67,55,55,58,49,112,46,114,125,46,122,125,113,111,122,46,132,75,112,105,119,107,59,121,73,46,119,116,46,132,74,54,54,62,57,63,63,55,59,63,63,55,46,130,118,115,124,46,2,3,99,14,198,1,73,97,124,97,146,107,107,237,20,33,146,224,224,120,172,224,224,120,3,132,249,119,98,3,93,2,184,28,124,58,71,45,184,249,158,185,106,171,80,45,107,97,120,3,132,249,119,98,3,45,132,71,84,45,249,3,71,80,93,223,132,185,106,6,249,106,80,71,107,93,120,3,132,2,3,185,6,206,1,68,223,173,134,129,134,138,129,28,18,204,218,18,218,199,8,18,123,134,134,235,89,89,89,89,89,89,89,89,89,89,89,89,178,223,173,235,89,89,89,89,89,89,89,89,89,89,89,89,243,178,253,2,243,223,89,148,2,214,12,248,218,248,7,113,118,129,83,2,1,69,1,1,1,76,171,184,190,149,187,181,137,124,138,146,168,113,101,189,120,154,118,188,188,156,113,101,140,138,124,178,138,178,123,136,138,159,110,79,101,101,101,101,101,101,101,101,170,179,169,110,79,79,101,101,101,101,101,101,101,101,152,147,149,150,176,144,151,152,124,188,126,185,117,109,164,140,113,109,171,2,1,38,1,1,1,40,155,148,137,154,143,149,148,78,79,146,149,137,135,146,70,145,99,78,78,78,94,93,81,87,93,79,83,87,93,79,81,78,92,83,92,79,79,97,146,2,2,219,1,1,1,64,182,186,188,183,251,185,232,162,243,243,243,233,235,233,242,236,235,244,248,236,235,244,242,243,233,233,248,233,233,244,244,247,236,227,227,247,243,243,243,233,235,234,242,237,244,248,237,244,242,243,236,227,248,236,227,244,244,247,243,243,243,233,235,2,3,193,14,198,1,71,62,240,62,101,214,10,62,101,214,240,201,62,114,10,62,114,214,214,253,201,201,62,153,153,240,75,214,10,75,214,253,201,201,62,153,101,240,140,214,10,140,214,253,201,201,62,153,140,240,153,214,10,153,214,253,201,201,62,166,153,240,62,88,214,10,62,88,214,253,201,2,3,45,20,28,1,85,37,208,104,66,94,208,189,56,132,208,189,56,113,37,37,208,104,28,94,208,47,56,132,208,47,56,113,37,37,37,227,189,85,94,208,104,56,132,208,104,56,94,37,85,132,85,56,56,116,142,191,106,163,141,248,180,208,113,198,115,141,153,106,141,49,106,134,96,49,141,239,180,115,238,248,20,132,30,142,141,248,191,141,239,2,2,137,1,1,1,84,181,161,161,185,164,186,192,162,166,186,192,162,169,253,225,238,231,169,255,182,255,164,161,161,187,190,191,163,186,162,164,161,186,188,166,186,188,162,162,169,238,231,237,180,169,235,212,226,214,182,252,253,251,226,231,240,167,236,225,234,251,161,255,162,169,238,231,237,180,169,251,238,253,254,251,231,169,253,234,235,229,238,167,2,1,143,1,1,1,45,242,254,253,242,240,3,183,241,184,175,244,253,243,184,183,184,184,183,229,217,194,216,217,251,250,4,248,255,251,225,187,175,3,1,4,244,184,153,175,175,175,175,175,175,2,2,169,1,1,1,75,137,137,248,240,244,139,245,154,154,155,245,154,154,157,245,154,153,158,245,154,154,153,245,154,154,159,139,246,129,240,228,220,156,242,209,210,204,240,129,129,154,154,157,132,158,155,134,158,155,130,130,130,163,137,137,137,137,206,199,205,130,163,163,137,137,137,137,194,207,137,199,200,221,137,2,1,110,1,1,1,43,231,179,179,195,183,211,187,197,177,224,193,179,142,226,214,211,220,120,142,142,142,142,142,142,142,142,205,181,201,150,212,227,220,209,226,215,221,220,150,151,218,221,2,1,44,1,1,1,83,143,141,152,76,151,105,84,84,84,93,97,101,87,101,85,89,101,85,87,84,93,94,89,93,94,85,85,103,152,155,143,141,152,76,142,105,167,94,94,88,84,84,92,86,93,85,87,84,95,89,95,85,85,88,93,99,88,84,84,84,93,95,87,93,96,85,89,93,96,85,87,84,93,96,89,93,96,85,85,169,103,146,2,3,30,20,28,1,44,91,148,126,233,165,22,22,22,193,79,193,70,41,117,193,70,41,79,22,193,250,117,193,250,41,41,98,183,100,126,138,91,126,34,91,119,81,34,126,224,165,100,223,2,1,115,1,1,1,73,220,208,160,222,174,147,220,217,147,233,175,163,147,231,219,216,225,147,233,176,233,158,155,155,165,168,169,158,164,167,156,160,164,167,156,147,216,225,215,174,147,213,206,220,208,176,230,231,229,220,225,218,161,214,219,212,229,155,233,156,147,216,225,215,174,147,229,216,231,232,229,225,2,1,42,1,1,1,53,74,158,139,140,150,143,88,141,153,152,141,139,158,82,140,83,74,143,152,142,83,82,83,135,82,113,117,157,93,131,162,163,141,113,82,82,91,91,95,85,96,94,87,96,94,83,83,86,74,120,146,98,2,3,112,6,206,1,63,201,201,121,206,210,185,141,205,115,200,90,160,221,61,162,162,16,16,16,16,16,16,16,16,140,155,95,85,140,16,221,210,241,96,0,155,246,211,231,205,236,162,100,155,162,16,16,140,155,95,85,140,16,10,130,155,20,110,201,35,241,105,2,1,62,1,1,1,38,128,114,145,123,164,179,172,161,178,167,173,172,102,103,72,164,173,176,94,183,164,168,143,112,142,176,151,184,143,106,94,138,181,162,133,179,165,2,1,174,1,1,1,38,206,23,28,206,13,245,9,214,20,35,28,17,34,23,29,28,214,215,26,29,17,15,26,206,25,235,214,214,223,226,229,216,223,215,217,214,223,2,1,55,1,1,1,60,110,100,104,110,96,96,114,163,166,154,152,163,87,153,116,178,95,95,105,108,105,98,111,96,100,111,96,99,95,95,106,97,104,96,98,95,105,106,100,105,106,96,96,99,95,95,105,107,107,97,104,96,98,95,104,105,100,104,105,2,1,190,1,1,1,76,231,231,234,230,230,240,243,240,233,239,241,231,235,239,241,231,234,230,230,243,233,239,246,231,235,239,246,231,234,230,230,244,233,247,231,235,247,231,59,249,36,45,48,222,39,251,230,230,230,239,233,239,240,231,235,239,240,231,233,230,245,235,245,231,231,234,225,32,222,34,45,222,42,45,33,2,3,40,20,28,1,78,91,44,136,234,175,110,233,243,15,127,25,137,136,243,186,136,234,156,32,32,32,184,89,203,61,51,127,203,61,51,89,32,203,4,127,203,4,51,51,136,196,224,167,82,136,234,175,234,89,32,32,32,222,23,42,89,99,51,127,99,51,89,32,222,241,127,222,241,51,51,136,167,82,148,137,136,110,2,3,74,8,184,1,63,199,41,213,245,111,118,104,41,76,27,140,255,34,241,104,98,132,105,42,13,76,6,231,42,104,13,118,125,104,76,42,118,241,248,62,13,140,255,83,76,255,241,118,98,248,105,42,13,76,6,105,98,105,213,98,27,241,69,13,140,31,83,2,1,36,1,1,1,63,150,137,107,153,141,94,107,137,152,104,137,151,135,137,146,136,133,146,152,151,76,77,77,68,136,147,46,68,68,68,68,68,68,68,68,68,68,68,68,68,68,68,68,141,138,68,112,155,136,107,153,139,94,109,151,101,76,107,111,151,87,125,2,2,76,1,1,1,65,52,51,41,13,100,100,123,123,124,97,115,115,103,115,115,99,99,99,108,37,58,108,8,61,48,13,63,45,114,3,57,11,100,13,1,57,121,19,52,51,41,13,100,100,123,123,123,97,116,116,103,116,116,99,99,99,108,37,58,108,8,61,48,13,2,3,98,8,184,1,42,149,51,248,97,135,41,122,83,111,135,199,209,170,177,23,83,122,122,185,185,220,143,185,185,213,157,185,185,213,129,129,129,66,142,58,37,100,168,66,66,66,2,1,123,1,1,1,39,155,155,155,155,155,155,155,155,155,155,155,155,155,155,155,155,155,241,189,236,238,200,241,178,196,237,224,234,211,223,212,175,163,199,242,223,194,240,2,1,115,1,1,1,79,218,156,125,147,147,147,147,147,147,147,147,147,147,147,147,147,147,147,147,216,225,215,125,147,147,147,147,147,147,147,147,147,147,147,147,216,225,215,125,147,147,147,147,147,147,147,147,147,147,147,147,223,226,214,212,223,147,188,170,214,233,222,220,204,213,147,176,147,218,212,224,216,161,195,223,212,236,216,2,1,174,1,1,1,92,32,33,220,250,29,17,15,26,254,26,15,39,19,32,184,206,206,206,206,206,206,206,206,206,206,206,206,23,20,206,247,229,17,36,25,23,7,16,206,15,28,18,206,247,229,17,36,25,23,7,16,220,254,26,15,39,19,32,245,35,23,206,34,22,19,28,184,206,206,206,206,206,206,206,206,206,206,206,206,206,206,206,206,20,29,32,206,36,18,34,2,2,2,201,1,1,1,87,156,170,134,173,229,233,170,165,175,131,171,233,162,167,233,152,144,148,225,175,190,167,172,189,162,168,167,225,226,165,168,172,170,165,233,164,246,225,225,242,227,250,226,228,225,251,250,230,251,250,226,226,244,165,168,172,170,165,233,171,246,180,225,225,250,250,253,227,250,226,228,225,251,252,230,251,252,226,226,229,225,225,250,251,250,227,2,3,189,24,168,1,39,36,108,154,85,36,59,200,36,59,108,108,177,85,85,36,13,151,154,151,108,200,151,108,177,85,85,36,36,105,154,197,108,200,197,108,177,85,85,2,3,135,8,184,1,86,222,229,236,180,222,8,166,194,222,8,166,187,159,159,222,229,243,173,222,166,180,159,222,222,194,222,222,166,166,242,36,81,144,165,103,102,50,159,159,222,180,222,215,166,194,222,215,166,187,124,53,103,67,144,103,123,144,60,46,123,103,193,50,53,4,102,18,194,116,36,103,102,81,103,193,43,159,159,215,173,222,166,180,159,222,2,2,145,1,1,1,76,164,190,162,164,186,186,177,229,249,246,255,177,231,174,231,188,163,166,167,177,246,255,245,172,177,243,204,250,206,174,228,229,227,250,255,248,191,244,249,242,227,185,231,186,177,246,255,245,172,177,227,246,229,230,227,255,177,229,242,243,253,246,191,244,0,255,244,242,229,185,243,186,177,246,255,2,3,156,14,198,1,93,176,177,164,177,85,164,81,103,163,154,11,241,33,150,242,172,24,137,193,189,102,55,141,241,142,55,189,128,16,189,115,163,189,50,176,137,50,128,115,164,177,177,60,176,63,30,60,60,60,60,60,60,60,60,60,60,60,60,60,60,60,60,60,60,60,60,241,202,60,137,24,202,94,150,142,81,115,233,164,55,107,115,51,33,180,193,163,55,164,164,25,25,2,3,225,4,172,1,57,134,98,134,113,104,134,113,92,92,92,65,46,55,65,4,37,19,191,7,143,188,58,164,89,182,194,58,122,236,73,76,10,182,89,89,116,116,116,98,116,116,125,104,116,116,125,92,92,92,65,46,55,65,4,37,19,2,2,168,1,1,1,82,238,198,158,239,213,231,144,225,237,213,149,255,224,223,197,225,144,144,151,151,150,141,151,151,145,139,151,151,145,143,143,143,136,212,208,195,202,174,136,136,136,136,136,136,136,136,136,136,136,136,136,136,136,136,136,136,136,136,136,136,136,136,210,230,215,213,235,210,145,239,214,195,201,0,196,255,148,144,199,204,194,2,1,49,1,1,1,81,123,147,90,59,81,81,81,81,81,81,81,81,81,81,81,81,81,81,81,81,81,81,81,81,150,159,149,59,81,81,81,81,81,81,81,81,81,81,81,81,81,81,81,81,150,159,149,59,81,81,81,81,81,81,81,81,81,81,81,81,150,159,149,59,81,81,150,159,149,59,81,81,157,160,148,146,157,81,134,103,2,1,90,1,1,1,68,177,210,199,159,159,163,190,171,170,210,175,211,149,122,190,201,122,198,201,189,187,198,122,204,171,197,192,194,178,195,210,151,130,130,139,132,139,131,133,130,146,135,146,131,131,149,122,175,144,177,210,199,159,159,163,190,171,170,210,175,211,151,204,171,197,192,194,2,3,119,18,242,1,55,79,112,111,151,44,197,27,33,151,151,163,214,10,232,163,151,29,78,10,165,198,200,111,182,26,12,77,132,162,196,33,151,151,29,78,10,165,198,200,111,182,26,12,77,130,31,31,184,82,184,47,48,116,184,2,1,158,1,1,1,70,214,199,251,219,4,19,12,1,18,7,13,12,198,204,204,204,199,190,16,3,18,19,16,12,190,240,8,13,242,4,227,245,235,3,224,210,241,198,204,204,204,199,190,3,12,2,168,190,190,231,24,235,206,238,13,236,229,233,23,234,219,4,19,12,1,18,7,13,12,2,3,56,24,168,1,81,208,90,90,90,231,30,24,24,24,24,236,49,29,239,236,24,213,3,242,210,29,121,144,176,61,95,251,187,251,179,208,208,208,159,21,159,182,231,67,159,182,231,21,208,64,67,64,231,231,30,24,24,24,24,233,144,167,236,75,24,164,118,187,75,24,52,49,30,24,24,24,24,24,24,167,98,24,213,3,242,2,2,227,1,1,1,48,149,130,134,139,171,162,148,216,152,216,224,224,203,203,212,201,212,204,202,203,210,208,210,204,204,195,151,139,136,141,233,195,195,195,195,195,195,195,195,145,136,151,152,145,141,195,165,2,1,97,1,1,1,58,200,196,175,192,162,217,176,212,166,215,188,182,151,184,217,206,166,166,170,197,178,177,217,182,218,190,137,143,143,143,138,107,129,129,129,129,129,129,198,205,212,198,107,129,129,129,129,129,129,129,129,211,198,213,214,211,207,2,2,12,1,1,1,82,44,102,99,104,2,44,44,44,44,44,44,111,102,112,2,44,44,44,44,111,102,112,2,44,44,111,102,112,2,111,102,112,2,2,44,44,44,44,44,44,44,44,104,101,105,107,104,44,110,127,102,105,128,99,101,102,44,98,102,71,97,64,67,69,123,112,60,36,72,67,73,79,74,57,105,72,126,101,65,112,35,2,3,50,22,62,1,72,4,210,210,210,210,210,210,210,210,210,210,210,210,110,47,177,219,156,97,81,110,224,77,89,102,248,198,123,161,81,123,56,102,39,56,182,135,102,102,123,102,244,177,77,56,56,123,81,182,122,144,203,56,81,182,207,77,56,122,110,152,68,85,34,143,4,210,210,210,210,210,2,2,181,1,1,1,78,149,149,149,149,149,149,149,149,149,149,149,232,251,229,230,224,0,231,232,132,196,142,193,133,157,236,244,240,157,211,194,219,216,193,222,220,219,157,158,217,220,216,214,217,149,224,138,157,157,134,131,133,160,134,142,158,154,134,142,158,144,217,220,216,214,217,149,215,138,208,157,157,135,133,159,134,158,2,2,137,1,1,1,64,164,161,186,186,166,186,186,162,162,165,186,165,161,161,186,178,164,186,187,162,166,186,187,162,165,161,161,186,186,163,186,162,164,161,187,187,166,187,187,162,162,246,180,239,232,251,169,226,182,161,161,186,163,186,162,164,161,186,188,166,186,188,162,2,1,54,1,1,1,67,95,98,89,152,86,154,165,86,162,165,153,151,162,86,172,115,152,145,159,147,99,161,113,86,159,156,86,172,114,94,94,102,96,103,95,97,94,109,99,109,95,95,86,170,158,155,164,86,172,115,172,97,94,94,104,107,108,97,103,109,95,99,103,109,95,86,2,3,219,8,184,1,87,158,221,151,120,187,137,88,186,102,134,0,7,249,186,221,172,29,144,179,130,249,243,21,250,187,158,221,151,120,187,249,158,7,14,249,221,187,7,130,137,207,158,29,144,228,221,144,130,7,243,137,250,187,158,221,151,250,243,250,102,15,243,165,14,221,144,7,186,228,221,243,250,207,228,144,130,207,187,200,134,78,92,120,207,228,144,2,2,223,1,1,1,72,192,179,255,189,228,166,247,247,240,234,233,245,240,248,246,247,240,232,244,240,232,248,248,243,247,247,240,236,235,245,240,248,246,247,240,236,244,240,236,248,248,243,247,247,247,240,233,237,246,240,231,248,244,240,231,248,246,247,234,244,234,248,248,243,247,247,240,234,238,245,240,2,2,205,1,1,1,50,230,232,229,254,253,226,254,253,230,230,178,248,171,164,191,237,166,242,229,229,229,254,232,255,230,226,255,230,232,229,255,253,226,255,253,230,230,225,240,175,237,169,164,237,161,164,176,174,161,2,1,52,1,1,1,58,84,170,113,150,143,157,145,97,159,111,84,157,154,84,170,112,92,92,92,100,95,107,93,97,107,93,95,92,108,97,108,93,93,84,168,156,153,162,84,170,113,170,95,92,92,102,105,106,95,101,108,93,97,101,108,93,84,2,3,118,18,242,1,65,43,196,26,97,150,248,129,111,163,131,25,42,8,111,196,77,132,9,94,231,8,30,76,47,150,43,196,26,97,150,8,43,42,59,8,196,150,42,231,248,162,43,132,9,213,196,9,231,42,30,248,47,150,43,196,26,47,30,47,47,30,166,132,166,2,3,90,8,184,1,60,226,121,160,58,58,58,58,58,58,58,58,58,58,58,58,58,58,58,58,57,36,58,110,124,96,187,170,240,89,127,33,114,75,103,127,191,201,162,169,15,75,114,114,177,177,226,135,177,170,170,149,177,170,170,121,121,121,58,99,2,3,210,4,172,1,89,40,50,182,188,176,215,98,128,173,43,149,74,167,179,43,107,221,58,61,251,167,74,74,101,101,101,83,110,113,89,110,113,77,77,77,50,31,40,50,182,188,176,215,98,128,173,43,149,74,167,179,43,107,221,58,61,251,167,74,74,101,101,125,83,122,119,89,122,119,77,77,77,50,46,10,1,28,240,50,50,50,50,50,50,50,50,50,50,2,3,34,8,184,1,48,2,2,2,2,2,2,2,2,2,2,92,240,57,71,61,92,163,33,64,229,43,138,222,145,142,58,54,68,40,131,114,65,104,2,2,2,2,2,2,2,2,2,2,2,2,2,2,2,2,167,1,1,1,40,135,135,196,201,195,173,135,135,135,135,135,135,135,135,135,135,135,135,196,201,195,144,173,135,135,135,135,135,135,135,135,196,201,195,173,203,202,198,200,2,3,135,22,62,1,48,99,39,6,225,141,132,99,36,36,220,95,136,229,32,141,166,11,36,162,141,207,195,132,6,48,241,182,166,195,53,162,174,187,228,89,195,132,6,48,241,182,166,195,53,162,174,187,2,1,189,1,1,1,74,235,1,34,48,32,34,43,33,30,43,49,254,33,33,34,33,247,0,44,43,43,34,32,49,229,35,50,43,32,49,38,44,43,229,9,11,7,20,237,230,199,221,221,221,221,221,221,221,221,221,221,221,221,221,221,221,221,16,11,13,14,40,8,15,16,244,52,246,49,237,229,16,11,2,2,45,1,1,1,89,125,126,72,104,127,128,28,92,22,89,29,5,116,108,1,5,75,90,67,80,89,70,68,67,5,6,65,68,80,78,65,13,72,18,5,5,31,31,22,8,27,6,2,27,6,24,65,68,80,78,65,13,79,18,88,5,5,21,22,8,30,26,6,2,30,26,6,1,28,29,1,5,5,21,21,8,25,6,2,25,6,1,5,5,21,29,8,22,2,2,116,1,1,1,68,91,95,75,91,15,73,22,29,2,84,27,79,92,92,92,67,89,67,76,91,95,67,76,91,89,92,67,76,95,67,76,91,91,96,81,18,84,24,29,84,32,29,17,19,32,84,6,79,18,41,27,47,95,25,73,84,27,22,84,6,80,92,92,68,89,70,91,2,1,98,1,1,1,72,143,152,139,130,214,202,199,208,130,216,159,216,141,138,138,138,148,151,152,141,147,151,139,143,147,151,139,141,138,154,143,154,139,139,130,199,208,198,157,130,196,189,203,191,159,213,214,212,203,208,201,144,197,202,195,212,138,216,139,130,199,208,198,157,130,212,199,214,215,212,208,2,2,26,1,1,1,87,58,110,121,124,118,125,56,123,119,120,123,121,110,50,124,49,58,125,120,126,49,50,49,49,54,50,128,109,120,123,110,113,119,120,50,49,118,119,123,121,118,58,115,37,45,47,35,118,119,123,121,118,58,124,37,99,50,50,41,47,48,52,41,49,51,50,44,41,53,44,41,49,49,54,50,50,41,45,46,51,41,48,49,53,41,48,2,3,165,6,206,1,37,114,129,109,109,154,179,159,119,154,114,124,109,154,169,134,154,169,114,114,129,109,109,109,154,184,164,124,154,174,114,134,154,174,114,124,109,2,2,187,1,1,1,91,140,142,152,140,142,148,148,200,130,221,214,201,155,212,136,147,147,140,146,140,132,148,152,140,132,148,151,154,217,155,223,214,155,215,214,218,220,215,155,205,136,217,226,212,232,152,210,130,155,212,221,155,205,135,147,147,139,146,140,131,148,152,140,131,148,155,207,211,224,213,155,205,136,205,146,147,147,137,144,141,146,140,138,148,152,140,138,148,155,224,2,1,101,1,1,1,93,211,201,160,133,199,192,206,194,162,216,217,215,206,211,204,147,200,205,198,215,141,219,142,133,202,211,201,160,133,215,202,217,218,215,211,133,217,198,199,209,202,147,200,212,211,200,198,217,141,199,142,133,202,211,201,142,141,142,142,141,149,147,149,157,142,111,133,133,133,133,133,133,133,133,133,133,133,133,133,133,133,133,206,203,133,177,179,175,188,149,159,174,2,2,181,1,1,1,69,200,246,157,244,0,200,136,238,205,206,216,244,157,157,134,135,133,160,134,133,135,154,134,133,135,158,158,158,149,220,199,149,249,251,255,228,133,143,254,200,246,157,244,0,200,136,238,205,206,216,244,157,157,134,134,134,160,132,134,154,132,134,158,158,158,149,220,199,2,3,160,8,184,1,50,128,180,194,166,1,240,54,159,197,103,184,145,173,197,5,15,232,239,85,145,184,184,247,247,254,205,47,240,219,47,240,191,191,191,128,204,120,99,162,230,128,128,128,128,128,128,128,128,128,2,3,60,14,198,1,93,220,220,220,220,220,220,220,220,220,220,220,58,150,249,19,37,58,7,241,6,93,223,180,80,193,224,68,24,50,254,167,172,81,190,220,220,220,220,220,220,220,220,220,220,220,220,220,220,220,220,93,210,80,190,220,220,220,220,220,220,220,220,220,220,220,220,93,210,80,81,190,93,210,80,190,190,220,220,220,220,220,220,220,220,15,215,219,68,106,45,210,67,2,3,81,4,172,1,61,173,140,158,155,201,204,149,158,122,116,149,177,146,8,201,201,228,237,252,207,228,204,210,201,231,228,216,231,228,204,204,2,149,158,122,116,149,177,119,8,194,201,201,240,207,228,204,210,201,249,216,249,204,204,213,201,201,201,231,237,2,2,26,1,1,1,45,34,51,41,44,49,53,41,44,49,51,50,33,53,33,49,49,54,50,50,50,44,46,48,51,41,47,49,53,41,47,49,51,50,44,41,53,44,41,49,49,54,50,50,41,2,3,153,12,164,1,78,114,213,92,136,213,92,125,81,81,180,103,180,92,114,81,202,136,202,92,92,248,34,251,94,127,249,28,56,81,81,180,114,202,92,136,202,92,125,26,207,249,229,94,249,61,94,218,196,61,249,171,56,207,130,28,152,136,50,34,249,28,251,249,171,45,81,81,169,114,224,92,136,224,92,249,149,17,2,1,99,1,1,1,75,200,209,131,217,160,217,142,139,139,149,152,153,142,154,140,144,154,140,131,200,209,199,158,131,197,190,204,192,160,214,215,213,204,209,202,145,198,203,196,213,139,217,140,131,200,209,199,158,131,213,200,215,216,213,209,131,215,196,197,207,200,145,198,210,209,198,196,215,139,197,140,131,200,209,2,3,140,12,164,1,48,216,79,68,79,139,68,26,70,219,37,200,175,241,103,216,156,112,236,249,183,59,227,134,109,81,114,227,153,147,15,79,250,236,236,236,236,236,236,236,236,48,81,205,183,48,236,216,2,2,188,1,1,1,80,213,213,0,215,131,222,241,129,156,224,213,156,216,213,217,219,216,156,194,251,139,238,203,236,213,205,243,131,135,221,219,215,223,150,236,216,219,195,223,202,201,150,248,213,217,219,216,236,216,219,195,223,202,129,156,224,213,213,0,215,131,222,241,135,194,251,139,238,203,236,213,205,243,131,156,223,214,224,178,2,2,41,1,1,1,68,9,9,9,9,9,9,9,9,66,79,9,77,72,72,109,70,18,79,100,9,74,71,77,9,77,72,72,109,70,18,79,100,7,121,69,74,82,78,91,112,94,66,9,93,65,78,71,35,9,9,9,9,9,9,9,9,9,9,9,9,120,112,116,11,117,26,26,2,3,134,24,168,1,93,4,148,168,168,148,202,165,165,148,168,168,148,202,165,119,148,168,168,148,202,237,214,142,148,168,168,148,202,237,214,142,148,225,30,12,104,113,35,50,21,159,173,130,214,122,102,130,127,127,162,81,165,176,67,168,182,58,61,101,153,196,231,9,245,53,108,102,102,102,102,102,102,102,102,153,104,130,108,108,102,102,102,102,102,102,102,102,251,136,182,205,35,2,2,50,1,1,1,48,123,100,99,7,71,9,70,2,26,111,119,107,26,88,69,96,83,70,89,95,96,26,25,94,95,83,81,94,18,91,13,26,26,5,10,28,1,25,27,26,1,1,29,1,1,25,25,2,2,91,1,1,1,72,98,55,54,58,60,55,123,57,104,34,115,115,108,110,111,114,108,111,116,120,108,111,116,119,115,115,108,112,112,113,108,116,114,115,105,105,120,105,105,116,116,119,115,115,115,108,110,106,114,105,116,120,105,116,114,115,110,120,110,116,116,119,108,109,112,40,98,61,54,41,123,2,3,36,8,184,1,89,3,207,123,88,25,210,4,224,45,4,24,45,217,203,24,4,94,207,210,161,3,175,95,17,193,4,3,238,4,94,200,60,60,60,116,81,165,67,95,165,67,81,60,165,95,165,67,67,4,80,252,231,38,4,94,207,94,81,60,60,130,151,158,81,165,67,95,165,67,4,231,38,224,193,4,210,161,3,175,207,73,80,66,3,38,245,102,217,2,3,147,14,198,1,37,219,128,93,155,145,168,51,180,41,167,146,51,93,180,119,132,93,41,51,119,128,141,15,180,233,154,54,41,154,128,119,155,141,168,51,180,2,3,27,20,28,1,91,69,135,38,19,38,2,95,19,173,202,69,116,183,230,88,69,19,38,31,88,116,78,31,123,12,162,19,19,247,48,57,190,38,76,19,190,190,114,190,190,38,38,124,31,88,116,78,31,123,97,162,60,19,19,190,29,209,76,190,171,38,114,190,171,38,95,19,19,19,190,10,86,76,209,38,114,209,38,76,19,190,86,114,190,86,38,38,95,19,19,2,2,197,1,1,1,87,237,246,241,241,240,243,238,234,243,238,240,237,246,242,234,246,242,238,238,233,237,237,246,243,243,240,244,238,234,244,238,233,237,237,246,242,244,239,246,238,240,237,247,246,234,247,246,238,238,186,0,163,172,183,229,174,250,237,237,246,240,246,243,238,234,246,243,238,233,232,167,229,161,172,229,169,172,168,166,169,229,179,250,167,160,174,2,3,187,24,168,1,40,22,198,88,8,155,42,229,155,85,31,11,155,39,19,206,157,155,85,54,85,152,83,83,57,126,149,152,34,11,106,198,34,11,106,155,206,157,183,8,2,1,112,1,1,1,76,144,210,203,217,205,173,227,228,226,217,222,215,158,211,216,209,226,152,230,153,144,213,222,212,171,144,226,213,228,229,226,222,144,228,209,210,220,213,158,211,223,222,211,209,228,152,210,153,144,213,222,212,153,152,153,153,152,214,229,222,211,228,217,223,222,152,153,122,144,144,144,144,144,144,144,2,3,214,6,206,1,58,118,118,118,118,118,41,222,227,242,207,118,26,16,31,207,118,202,1,8,118,118,118,118,118,118,118,118,118,118,118,118,118,118,118,118,67,56,87,198,102,1,92,57,77,51,82,158,163,8,118,118,118,118,118,118,118,118,2,1,190,1,1,1,72,222,222,222,222,222,222,222,222,17,12,14,15,41,9,16,17,245,53,247,50,238,230,17,12,14,15,41,9,16,17,245,53,247,50,238,230,29,5,234,230,36,51,44,33,50,39,45,44,230,231,42,45,33,31,42,222,41,251,230,230,240,240,245,233,239,243,231,235,239,243,231,2,1,228,1,1,1,37,31,80,83,71,69,80,4,70,33,95,12,12,12,28,27,15,21,29,13,17,21,29,13,15,12,26,17,26,13,13,16,12,12,12,26,28,2,3,156,8,184,1,49,201,1,187,215,1,187,201,180,243,15,215,243,15,187,187,208,180,180,36,22,201,1,187,215,1,187,208,180,180,29,36,194,243,187,201,180,250,243,215,250,243,187,187,7,57,102,165,186,2,1,157,1,1,1,68,189,6,218,197,197,206,199,206,198,200,197,206,209,202,206,209,198,198,201,192,255,189,1,12,189,9,12,0,254,9,189,19,218,255,248,6,250,202,8,216,189,6,3,189,19,217,197,197,197,205,200,212,198,202,212,198,200,197,207,207,202,207,207,198,198,189,17,2,1,86,1,1,1,92,190,187,196,118,204,147,204,129,126,126,126,136,139,140,129,135,136,127,131,135,136,127,129,126,135,140,131,135,140,127,127,118,187,196,186,145,118,184,177,191,179,147,201,202,200,191,196,189,132,185,190,183,200,126,204,127,118,187,196,186,145,118,200,187,202,203,200,196,118,202,183,184,194,187,132,185,197,196,185,183,202,126,184,127,118,187,196,186,127,126,127,2,1,206,1,1,1,71,247,250,246,52,67,60,49,66,55,61,60,246,247,58,61,49,47,58,238,57,11,246,246,255,2,255,248,255,247,249,246,1,251,1,247,247,9,58,61,49,47,58,238,48,11,73,246,246,2,248,255,247,249,246,255,6,251,255,6,247,247,250,246,246,0,1,6,249,2,247,2,3,118,22,62,1,75,39,186,211,18,190,190,144,186,228,253,228,211,39,228,211,18,190,190,123,232,123,211,253,190,35,39,35,211,211,183,77,212,145,208,22,19,119,190,190,190,123,253,123,123,211,39,123,123,211,253,190,35,39,35,211,211,18,85,128,22,170,145,22,82,145,149,107,82,22,36,119,128,237,19,2,1,103,1,1,1,69,196,148,210,162,135,208,205,135,221,163,151,135,219,207,204,213,135,221,164,221,146,143,143,153,156,157,145,152,144,146,143,152,153,148,152,153,144,144,135,204,213,203,162,135,201,194,208,196,164,218,219,217,208,213,206,149,202,207,200,217,143,221,144,135,204,213,203,162,2,3,22,22,62,1,71,182,112,95,154,175,112,28,182,154,11,32,242,95,220,53,49,28,53,11,154,94,32,115,182,95,28,74,115,94,115,115,94,94,94,69,136,27,115,157,94,27,48,199,27,48,115,115,115,232,182,182,182,182,182,182,182,182,182,182,182,182,95,28,74,232,182,182,182,182,182,2,3,99,14,198,1,88,3,3,3,132,249,119,120,229,3,3,3,3,132,249,119,229,132,249,119,229,223,6,106,80,223,3,189,37,250,54,211,237,7,72,241,184,210,145,124,145,84,249,106,71,184,6,249,107,120,229,223,6,106,80,223,3,136,228,228,180,24,132,76,206,202,45,154,228,159,3,89,171,59,228,228,20,241,149,84,72,136,158,123,93,19,24,3,2,3,24,14,198,1,63,49,184,79,14,40,53,135,231,66,79,227,35,253,252,136,32,235,179,84,32,70,9,174,31,252,109,187,174,32,45,148,187,31,5,148,184,135,49,32,32,227,136,71,149,188,45,97,149,188,45,23,148,187,31,5,148,184,18,49,87,32,32,2,3,228,20,28,1,84,135,12,154,21,31,239,59,31,239,40,220,220,135,230,31,2,135,239,21,220,211,59,211,239,239,40,220,220,220,135,230,249,21,135,211,239,59,135,211,239,21,220,154,154,59,154,154,239,239,40,220,220,220,135,249,12,21,249,239,59,249,239,21,220,135,12,59,135,12,239,239,40,220,220,220,135,249,12,21,173,239,59,173,2,2,229,1,1,1,37,206,208,205,215,216,202,215,216,206,206,154,224,131,140,151,197,142,218,205,205,214,207,214,206,208,205,222,202,222,206,206,201,200,135,197,129,2,1,190,1,1,1,68,45,222,42,45,33,31,42,222,52,251,32,25,39,27,235,41,249,222,39,36,222,52,250,230,230,238,232,239,231,233,230,239,247,235,239,247,231,231,222,50,38,35,44,222,52,251,52,233,230,230,230,240,243,244,233,239,247,231,235,239,247,231,233,230,247,235,247,2,1,144,1,1,1,74,185,185,176,245,254,244,203,176,242,235,249,237,205,3,4,2,249,254,247,190,243,248,241,2,184,6,185,176,245,254,244,203,176,2,245,4,5,2,254,176,4,241,242,252,245,190,243,255,254,243,241,4,184,242,185,176,245,254,244,185,184,185,185,184,246,5,254,243,4,249,255,254,184,2,1,112,1,1,1,51,153,122,144,144,144,144,144,144,144,144,220,223,211,209,220,144,198,186,163,185,186,220,219,229,217,224,220,194,144,173,144,195,190,192,193,219,187,194,195,167,231,169,228,160,152,207,183,156,152,214,2,3,187,18,242,1,44,128,9,78,111,180,26,9,99,116,231,26,78,44,231,219,214,200,99,99,99,252,98,13,150,252,252,116,184,252,252,116,150,99,252,115,184,252,115,116,116,166,231,26,2,3,126,8,184,1,38,51,37,114,94,44,41,219,150,150,150,213,13,171,234,157,185,234,157,171,150,6,185,6,157,157,178,150,150,213,255,171,213,206,157,185,213,206,2,3,166,20,28,1,78,177,234,158,158,158,111,92,215,73,54,177,253,73,54,177,215,158,73,225,253,73,225,177,177,234,158,158,158,111,54,215,73,187,177,253,73,187,177,215,158,73,206,253,73,206,177,177,234,158,158,73,111,196,73,177,215,158,73,187,253,73,187,177,177,234,111,149,234,158,158,92,149,196,73,177,215,158,2,2,194,1,1,1,81,243,237,243,233,233,238,234,234,241,247,236,241,233,235,234,241,249,237,241,249,233,233,238,234,234,243,244,236,241,233,235,234,241,247,237,241,247,233,233,238,234,234,241,243,236,241,233,235,234,241,248,237,241,248,233,233,238,234,234,243,244,236,241,233,235,234,244,243,237,244,243,233,233,238,234,234,241,243,235,248,2,1,202,1,1,1,74,243,247,0,243,246,242,242,251,254,244,251,243,245,242,251,251,247,251,251,243,243,246,252,254,246,242,242,242,251,1,245,254,243,247,254,243,245,242,251,0,247,251,0,243,243,71,5,48,57,60,234,51,7,242,242,242,251,245,251,253,243,247,251,253,243,245,242,251,251,247,251,251,243,2,3,120,4,172,1,69,243,252,225,158,216,164,197,216,188,197,161,155,188,216,218,47,158,137,179,143,255,185,41,216,179,170,216,218,44,240,240,8,249,11,20,243,255,11,20,243,216,212,176,167,194,216,218,47,218,249,240,240,240,14,23,26,249,11,23,243,255,11,23,243,249,240,14,17,2,2,139,1,1,1,55,168,185,186,164,164,171,240,229,239,178,171,233,210,228,216,184,250,255,249,228,229,238,165,234,227,236,249,163,253,164,171,240,229,239,178,171,249,240,255,0,249,229,171,255,236,233,231,240,165,234,230,229,234,236,2,1,204,1,1,1,52,64,244,46,245,236,49,58,48,245,244,245,245,244,51,45,57,49,245,214,236,236,236,236,236,236,236,236,56,59,47,45,56,236,43,65,5,67,63,57,63,66,36,37,236,9,236,34,22,255,21,22,2,2,41,1,1,1,91,69,68,94,66,89,69,123,7,120,120,71,78,96,66,71,77,78,81,35,9,9,9,9,9,9,9,9,124,103,121,122,68,100,123,124,32,96,18,93,25,1,120,112,5,1,79,94,71,76,93,66,72,71,1,2,69,72,76,74,69,9,68,22,1,1,26,31,29,3,26,2,4,1,18,6,18,2,2,20,69,72,76,74,69,9,75,22,84,1,1,2,3,184,6,206,1,49,178,183,143,208,133,153,208,133,148,128,128,128,213,143,173,173,133,153,173,173,133,143,128,173,168,153,173,168,133,133,148,128,128,178,188,138,173,133,143,128,173,183,153,173,183,133,133,148,2,1,111,1,1,1,72,161,161,155,151,151,168,154,161,152,156,161,152,155,151,151,151,164,154,160,162,152,156,160,162,152,154,151,167,156,167,152,152,155,151,151,167,153,160,152,154,151,161,160,156,161,160,152,152,155,151,151,160,168,154,160,159,152,156,160,159,152,155,151,151,151,160,167,154,164,152,156,2,3,214,4,172,1,73,117,81,87,78,123,93,123,81,81,90,78,78,78,105,120,87,105,105,81,93,105,105,81,87,78,105,102,93,105,102,81,81,90,78,78,108,129,87,114,81,93,114,81,77,135,8,35,44,54,17,141,78,78,105,84,105,81,87,78,123,93,123,81,81,90,63,252,54,2,35,54,26,2,1,220,1,1,1,83,75,63,61,72,252,82,25,62,55,69,57,9,71,23,252,69,66,252,82,24,4,4,4,12,7,14,5,9,14,5,7,4,18,9,18,5,5,252,80,68,65,74,252,82,25,82,7,4,4,14,17,18,6,13,5,7,4,18,9,18,5,5,252,65,74,64,23,252,62,55,69,57,25,79,80,78,69,74,67,10,63,68,2,2,219,1,1,1,92,188,169,243,173,244,251,192,181,191,226,251,169,192,175,176,169,181,251,175,188,185,183,192,245,186,182,181,186,188,175,243,185,244,251,192,181,191,244,243,244,244,243,141,145,234,148,145,183,178,176,180,171,183,137,247,251,189,188,183,170,192,244,209,209,251,251,251,251,251,251,251,251,141,145,234,148,145,183,178,176,180,171,183,137,245,134,134,181,192,174,180,2,2,202,1,1,1,46,168,174,173,178,234,245,234,155,136,154,153,163,131,156,155,255,191,241,190,250,226,151,143,230,226,176,189,168,171,190,161,167,168,226,225,166,167,171,169,166,234,163,245,226,226,2,2,67,1,1,1,77,116,116,115,106,117,108,112,117,108,122,47,46,34,36,47,99,33,128,58,107,107,113,113,115,105,116,108,106,107,116,124,112,116,124,108,108,111,107,107,113,116,116,106,119,108,112,119,108,111,107,107,107,113,113,124,106,117,108,112,117,108,106,107,118,112,118,108,108,111,113,115,124,111,107,107,113,2,1,174,1,1,1,38,222,231,217,225,215,219,225,215,218,214,214,224,223,230,217,223,231,215,219,223,231,215,218,214,214,214,224,224,223,217,223,231,215,219,223,231,215,2,3,174,18,242,1,87,137,86,239,222,171,239,222,103,103,154,0,0,51,154,86,86,0,0,85,120,239,103,137,86,85,171,85,103,103,154,86,86,86,0,0,34,137,239,68,103,171,239,68,103,137,86,17,171,17,103,103,154,86,86,0,239,239,120,239,103,137,86,239,0,171,239,0,103,103,251,153,116,13,64,206,167,187,86,86,239,120,239,103,137,86,0,2,2,159,1,1,1,79,173,180,173,173,184,184,179,190,253,191,251,242,191,243,242,254,0,243,191,233,164,253,198,248,196,180,246,166,191,248,249,191,233,163,183,183,175,182,176,173,184,180,176,173,184,191,235,247,252,241,191,233,164,233,182,183,183,183,173,172,169,182,176,176,184,180,176,176,184,182,183,172,180,172,184,184,191,252,2,2,228,1,1,1,37,142,136,217,196,130,185,139,191,223,145,152,146,139,142,133,206,129,140,131,146,204,150,203,196,135,142,136,217,196,146,135,152,151,146,142,196,2,3,65,24,168,1,48,173,248,15,245,84,99,38,58,35,38,248,173,217,15,240,33,84,35,61,240,217,240,240,217,107,196,35,38,173,176,58,35,217,159,107,150,32,113,219,81,93,50,116,44,38,53,33,2,3,172,12,164,1,93,212,221,83,199,201,201,105,144,12,185,163,9,91,163,91,254,141,163,138,111,26,12,12,12,12,12,12,12,12,12,12,12,12,47,14,12,100,50,14,157,223,28,190,124,152,9,163,251,237,42,207,157,119,100,185,229,157,221,127,212,223,237,185,100,100,199,199,188,133,221,199,155,221,199,111,111,111,12,113,146,12,50,14,157,223,28,190,124,152,9,163,251,2,1,132,1,1,1,44,231,190,205,247,197,172,203,207,247,183,221,252,253,231,203,172,172,181,181,181,175,186,189,177,186,189,173,173,173,164,243,246,164,214,234,247,253,212,250,244,200,187,201,2,2,148,1,1,1,89,223,241,170,219,225,211,188,213,217,225,161,203,236,235,241,213,188,188,163,163,162,185,167,168,191,167,168,187,187,187,187,180,243,254,248,180,236,161,199,163,229,229,197,180,175,175,180,213,217,225,161,203,236,235,241,213,188,188,163,163,161,185,161,167,191,161,167,187,187,180,232,252,247,254,154,180,180,180,180,180,180,180,180,180,180,180,180,180,2,1,147,1,1,1,47,179,179,179,218,216,202,0,216,0,201,214,216,237,179,208,179,254,199,237,13,246,13,245,196,202,235,195,187,230,225,227,228,254,222,229,230,202,10,204,7,195,187,242,218,191,187,2,3,196,12,164,1,86,38,203,126,5,192,71,137,126,124,135,104,137,5,239,104,36,93,99,11,234,77,104,137,5,239,104,36,250,99,13,223,22,44,168,124,124,223,22,245,146,223,135,157,124,223,245,179,223,245,135,135,168,223,22,33,168,124,124,223,22,44,146,223,135,157,124,234,245,179,234,245,135,135,168,124,124,223,22,22,146,223,135,157,124,223,2,2,64,1,1,1,53,13,19,15,13,23,23,20,24,24,15,11,9,22,15,23,21,24,15,11,19,15,11,23,23,20,24,24,15,10,14,21,14,23,19,14,23,20,24,24,24,15,11,11,21,15,10,23,19,15,10,23,21,2,3,135,12,164,1,57,63,195,118,195,74,74,230,16,233,76,109,231,10,38,63,63,162,96,250,74,118,250,74,107,8,189,231,211,76,231,43,76,200,178,43,231,153,38,189,112,10,134,118,32,16,231,10,233,231,153,27,151,231,131,255,222,2,3,155,20,28,1,74,197,251,93,34,93,204,147,147,147,81,138,157,204,195,166,242,195,166,204,147,62,176,242,62,176,166,166,251,26,197,7,252,251,225,92,102,130,34,36,55,17,102,197,64,5,244,83,206,17,147,93,166,251,26,197,7,252,251,17,26,55,74,17,197,251,55,206,225,159,26,5,244,216,2,3,79,14,198,1,72,229,86,60,51,87,73,100,239,112,229,99,100,87,100,100,87,234,208,26,216,208,216,13,182,208,225,100,100,209,239,239,239,239,239,239,239,239,239,239,239,239,112,229,99,209,239,239,239,239,239,239,239,239,239,239,239,239,25,112,51,64,25,229,239,34,64,52,90,38,216,38,2,2,190,1,1,1,66,204,230,229,150,240,220,207,197,238,204,206,250,139,249,241,223,146,158,198,143,233,141,203,203,235,146,158,251,249,139,209,249,209,140,255,249,232,149,184,158,158,158,158,158,158,158,158,217,212,218,149,184,184,158,158,158,158,158,158,158,158,227,251,231,150,2,1,56,1,1,1,89,158,173,166,155,172,161,167,166,96,97,164,167,155,153,164,88,163,117,96,96,96,105,112,113,99,107,97,101,107,97,99,96,105,107,101,105,107,97,97,115,164,167,155,153,164,88,154,117,179,96,96,96,108,112,99,108,97,101,108,97,99,96,105,110,101,105,110,97,97,100,96,96,107,108,98,105,97,99,96,105,108,101,105,108,97,97,100,108,2,1,169,1,1,1,53,226,213,209,209,221,224,212,226,210,214,226,210,213,209,209,209,220,221,212,218,224,210,214,218,224,210,212,209,222,214,222,210,210,213,209,209,209,220,217,212,218,218,210,214,218,218,210,212,209,218,221,214,2,1,167,1,1,1,37,216,219,208,208,211,207,207,207,218,218,210,216,221,208,212,216,221,208,210,207,219,212,219,208,208,211,207,207,207,219,219,210,221,208,212,221,2,2,194,1,1,1,40,233,235,234,241,248,237,241,248,233,233,238,234,234,234,246,243,235,248,233,237,248,233,235,234,244,244,237,244,244,233,233,238,234,234,246,241,235,246,233,2,3,78,22,62,1,52,255,146,171,234,150,150,167,146,213,83,146,171,255,83,146,171,143,37,172,105,168,238,235,79,150,150,150,83,213,83,62,171,255,83,62,171,213,150,83,146,255,83,146,171,171,234,45,88,238,130,105,2,2,91,1,1,1,69,123,55,54,58,60,55,123,45,104,57,2,52,8,120,50,98,123,52,61,123,45,103,115,115,115,107,114,108,112,116,120,108,112,116,114,115,108,111,120,108,111,116,116,123,47,51,64,53,123,45,104,45,114,115,115,105,112,109,113,108,116,114,115,105,106,120,105,106,2,3,228,6,206,1,51,177,177,132,221,10,216,11,132,206,171,241,181,21,35,40,30,241,10,231,202,211,236,201,30,172,50,177,132,221,10,216,11,132,30,221,40,45,30,10,132,40,201,206,0,221,202,211,15,10,211,2,2,110,1,1,1,88,13,26,70,16,69,78,9,4,10,69,70,69,49,70,60,40,95,37,40,2,7,25,5,30,2,64,66,78,26,32,25,9,69,104,78,78,78,78,78,78,78,78,51,43,55,70,12,25,4,15,26,5,3,4,70,69,2,3,15,13,2,78,7,81,70,70,70,93,90,90,71,93,91,69,65,93,91,69,71,70,93,85,65,93,85,69,69,2,2,213,1,1,1,48,240,185,188,184,182,185,245,183,234,176,253,253,253,229,0,226,254,250,226,254,0,253,230,229,250,230,229,254,254,249,253,253,231,255,230,254,0,253,230,230,250,230,230,254,254,249,253,2,3,52,24,168,1,51,204,204,178,224,83,17,178,227,63,178,227,17,204,178,155,63,178,155,227,227,40,204,204,204,178,247,224,17,155,132,227,63,155,132,227,17,204,83,63,83,227,227,40,204,204,224,17,155,132,227,2,1,190,1,1,1,63,235,239,238,231,59,249,36,45,48,222,39,251,230,230,239,232,239,231,233,230,244,235,244,231,231,234,225,32,222,34,45,222,42,45,33,31,42,222,52,251,32,25,39,27,235,41,249,222,39,36,222,52,250,230,230,230,238,233,239,245,231,235,2,1,38,1,1,1,64,87,93,79,81,78,87,94,83,87,94,79,79,70,154,142,139,148,70,156,99,156,81,78,78,88,91,92,80,87,79,81,78,87,95,83,87,95,79,79,70,139,148,138,97,70,136,129,143,131,99,153,154,152,143,148,141,84,137,142,135,152,78,156,2,3,118,4,172,1,80,241,214,165,192,162,39,214,204,165,210,213,204,192,214,210,153,156,186,165,0,159,195,192,159,153,210,238,156,241,214,165,192,162,241,238,241,141,238,75,87,207,15,129,222,225,159,75,238,238,9,9,18,247,9,9,24,253,9,9,24,241,241,241,148,214,214,214,214,165,192,162,241,148,148,214,214,214,214,177,2,3,33,8,184,1,37,235,1,35,42,77,1,112,4,4,116,32,228,60,130,246,63,102,4,1,77,249,228,35,103,1,1,1,1,1,1,1,1,186,18,158,57,2,1,96,1,1,1,37,198,213,206,195,212,201,207,206,136,137,204,207,195,193,204,128,203,157,136,136,136,145,144,151,139,145,152,137,141,145,152,137,139,136,146,147,2,1,153,1,1,1,42,198,203,204,194,194,212,5,8,252,250,5,185,251,214,20,193,193,193,203,203,207,196,208,194,198,208,194,196,193,202,207,198,202,207,194,194,197,193,193,193,203,2,3,117,8,184,1,82,197,225,162,204,246,148,176,204,246,148,162,141,204,4,176,204,4,148,148,169,211,211,204,169,141,141,211,204,246,155,204,148,162,141,204,225,176,204,225,148,148,224,18,63,126,147,85,84,32,141,141,141,204,162,204,197,148,176,204,197,148,162,141,4,176,4,148,148,169,106,35,85,49,126,85,105,126,42,28,105,85,2,2,144,1,1,1,40,250,179,238,213,231,211,163,229,181,176,231,234,176,250,180,168,168,192,166,191,167,165,168,191,192,163,191,192,167,167,176,252,232,235,226,176,250,179,250,2,2,147,1,1,1,69,186,161,168,165,179,248,253,247,170,179,241,202,252,208,176,226,231,225,252,253,246,189,242,251,244,225,187,229,188,179,248,253,247,170,179,225,248,231,232,225,253,179,231,244,241,255,248,189,242,254,253,242,244,231,187,241,188,179,248,253,247,188,187,188,208,187,214,218,2,2,164,1,1,1,84,209,145,251,220,219,193,229,140,140,147,146,147,137,146,152,143,146,152,139,139,144,132,238,204,156,231,231,151,230,218,215,155,219,197,220,194,212,235,139,170,170,132,132,132,132,132,132,132,132,208,205,193,195,208,132,235,218,239,148,244,205,238,229,233,219,240,170,200,205,170,132,132,208,205,193,195,208,132,242,202,205,248,198,2,1,208,1,1,1,51,21,39,29,53,18,4,35,13,54,69,62,51,68,57,63,62,248,249,218,54,63,66,240,73,54,58,33,2,32,66,41,74,33,252,240,28,71,52,23,69,55,240,57,62,240,47,23,43,248,54,2,3,117,8,184,1,51,168,119,42,161,84,126,119,141,148,105,126,42,28,105,85,98,32,141,141,204,253,218,155,204,148,162,141,204,204,176,204,204,148,148,18,105,126,42,28,105,85,35,32,210,141,141,141,218,211,162,2,3,140,14,198,1,43,9,35,161,213,9,35,161,187,148,9,100,213,9,100,161,161,200,148,148,35,113,174,9,161,187,148,9,22,213,9,22,161,161,200,148,148,22,48,187,9,9,161,2,3,176,20,28,1,64,7,83,83,187,244,168,168,121,102,225,140,187,7,140,187,244,140,83,244,168,168,140,102,225,140,187,7,140,187,247,17,66,237,38,16,123,55,83,244,73,246,16,28,237,16,180,237,9,227,180,16,114,55,246,113,123,151,7,161,17,16,123,66,2,1,96,1,1,1,58,128,214,156,136,136,144,139,153,137,141,153,137,128,212,200,197,206,128,214,157,214,139,136,136,146,149,150,139,145,145,137,141,145,145,137,128,197,206,196,155,128,194,187,201,189,157,211,212,210,201,206,199,142,195,200,193,210,2,2,139,1,1,1,72,163,253,164,171,240,229,239,178,171,249,240,255,0,249,229,171,255,236,233,231,240,165,234,230,229,234,236,255,163,233,164,171,240,229,239,164,163,164,216,163,238,236,232,240,165,202,230,249,240,206,0,228,177,206,240,255,207,240,250,234,240,229,239,236,229,255,250,163,164,164,171,2,3,16,24,168,1,70,12,9,246,240,240,240,240,240,240,240,240,240,240,240,240,240,240,240,240,127,58,240,228,193,12,113,147,81,70,159,101,231,168,113,205,101,165,15,216,239,245,113,168,168,119,142,142,237,165,24,27,165,24,191,191,191,240,9,78,240,228,193,12,113,147,81,70,159,101,2,1,165,1,1,1,43,230,205,236,240,24,216,254,29,30,8,236,205,205,214,214,214,208,216,221,210,216,221,206,206,206,197,20,23,197,241,28,9,236,26,12,223,238,24,230,205,236,240,2,1,191,1,1,1,43,50,242,24,55,56,34,6,231,231,240,240,241,234,240,240,247,236,240,240,247,232,232,232,223,51,39,36,45,201,223,223,223,223,223,223,223,223,223,223,223,223,223,2,1,127,1,1,1,42,159,159,159,159,159,159,159,245,193,240,242,204,245,182,200,241,228,238,215,227,216,179,167,203,246,227,198,244,230,168,137,159,159,159,159,159,159,159,159,159,159,2,1,149,1,1,1,56,181,181,181,181,181,181,250,3,249,159,181,181,181,181,181,181,181,181,181,181,181,181,250,3,249,159,181,181,181,181,181,181,181,181,181,181,181,181,1,4,248,246,1,181,222,204,248,11,0,254,238,247,181,210,181,2,2,62,1,1,1,88,91,93,81,89,20,110,82,93,69,89,80,79,20,114,83,95,93,82,110,82,93,69,89,80,56,30,30,30,30,30,30,30,30,30,30,30,30,85,92,30,117,11,95,76,87,85,101,96,30,93,84,90,30,117,11,95,76,87,85,101,96,20,110,82,93,69,89,80,123,73,85,30,74,86,89,84,56,30,30,30,30,30,30,30,30,30,30,2,1,210,1,1,1,79,242,242,242,242,242,242,56,65,68,242,72,54,70,38,37,51,31,54,254,242,51,62,56,28,52,242,59,64,242,37,32,34,35,61,29,36,37,9,73,11,70,2,250,49,25,254,250,56,71,64,53,70,59,65,64,250,251,62,65,53,51,62,242,61,15,250,250,3,11,5,252,3,251,253,250,4,2,255,2,3,109,22,62,1,58,135,93,202,202,68,73,136,140,98,73,13,119,110,132,181,181,181,177,135,244,219,202,30,219,202,244,181,156,30,156,202,202,9,181,181,177,26,244,177,202,30,177,202,9,181,181,156,177,223,114,202,244,181,5,30,5,202,2,3,39,12,164,1,49,234,11,223,223,99,77,245,66,234,0,223,99,22,99,234,234,11,223,223,223,110,66,0,77,234,22,77,234,0,223,77,88,22,77,88,234,234,11,223,223,223,110,77,0,77,234,22,77,2,3,191,24,168,1,54,110,156,87,38,130,202,38,130,110,110,250,12,233,184,253,159,46,58,87,87,87,38,156,38,199,110,202,38,199,110,156,87,61,61,202,61,61,110,110,179,228,141,159,187,184,159,115,184,164,118,115,159,89,2,2,43,1,1,1,75,24,73,114,68,120,8,66,18,11,68,77,11,93,23,3,3,27,2,28,26,4,8,28,26,4,11,95,67,80,69,11,93,24,93,2,3,3,25,32,29,2,28,29,4,8,28,29,4,11,80,69,79,18,11,73,114,68,120,24,90,95,89,68,69,78,5,74,67,76,89,3,93,4,11,2,2,196,1,1,1,61,167,174,168,249,228,178,167,184,183,178,174,228,184,163,162,176,167,238,161,173,174,161,163,184,236,162,235,228,167,174,168,235,236,235,235,236,139,245,161,182,169,171,155,162,238,148,176,163,187,167,178,133,183,171,250,133,167,184,136,167,2,3,153,6,206,1,69,216,136,146,191,141,126,191,221,216,97,102,102,57,141,196,203,57,57,57,57,57,57,57,57,57,57,57,57,57,57,57,57,57,57,57,57,166,151,57,126,181,151,11,131,187,6,216,222,97,252,16,216,152,86,241,246,136,252,97,97,142,142,137,112,157,167,122,157,2,3,128,22,62,1,41,238,221,221,221,32,155,218,32,117,92,222,146,138,66,125,239,213,200,83,167,239,175,205,88,109,159,83,200,200,133,133,133,7,217,24,49,217,24,221,221,2,1,221,1,1,1,62,6,253,76,79,253,62,73,67,39,63,23,38,80,30,5,36,40,80,16,54,85,86,64,36,5,5,14,14,15,8,14,13,13,10,14,13,13,6,6,6,253,81,69,66,75,231,253,253,253,253,253,253,253,253,253,253,253,253,253,253,253,2,2,60,1,1,1,54,28,28,28,28,28,28,28,28,28,78,122,75,73,119,78,13,115,74,95,85,100,96,99,16,20,91,88,94,114,90,19,50,28,28,28,28,28,28,28,28,28,28,28,28,28,28,28,28,28,28,28,28,95,2,1,170,1,1,1,51,24,14,180,202,202,202,202,202,202,202,202,202,202,202,202,202,202,202,202,15,24,14,180,202,202,202,202,202,202,202,202,202,202,202,202,15,24,14,180,202,202,15,24,14,180,202,202,22,25,13,2,3,145,22,62,1,63,134,109,49,138,255,180,105,130,58,58,142,197,54,33,105,138,126,146,217,217,150,3,150,238,24,217,255,66,255,238,238,99,49,49,109,172,176,134,109,49,79,4,176,247,92,230,105,12,0,58,63,146,168,210,99,49,49,79,4,176,247,92,2,2,99,1,1,1,75,36,27,46,18,40,21,58,75,75,84,74,87,76,80,87,76,64,96,5,24,13,2,23,12,14,13,75,77,77,77,76,67,17,8,23,24,17,13,67,49,9,14,55,5,40,54,48,8,33,87,50,75,77,77,77,76,67,8,13,7,105,67,67,44,25,48,83,51,14,45,38,42,28,47,2,2,96,1,1,1,85,99,58,43,50,61,44,55,49,50,120,114,114,114,119,86,128,128,128,128,52,49,61,63,52,128,53,51,10,42,61,57,56,24,29,47,107,43,107,99,120,120,120,111,117,106,119,115,106,119,117,120,111,108,115,111,108,119,119,86,128,128,128,128,41,56,55,52,59,128,44,46,43,59,128,60,49,86,128,128,128,128,128,128,55,2,1,62,1,1,1,46,164,94,169,171,148,180,161,165,166,134,129,175,115,179,115,123,123,102,102,102,111,105,111,116,103,107,111,116,103,105,102,117,107,117,103,103,94,178,166,163,172,72,94,94,94,2,1,56,1,1,1,41,88,88,88,88,88,170,157,172,173,170,166,88,126,159,155,134,151,121,176,135,171,125,174,147,141,110,143,176,165,125,125,129,156,137,136,176,141,177,149,96,2,1,25,1,1,1,46,71,71,71,66,35,57,57,57,57,57,57,126,133,140,126,35,57,57,57,57,57,57,57,57,139,126,141,142,139,135,57,135,130,133,35,57,57,57,57,57,57,126,135,125,35,2,3,128,4,172,1,88,224,224,224,224,175,202,172,158,224,224,175,202,172,158,175,202,172,158,158,224,224,224,224,224,224,224,224,196,205,169,163,196,224,178,223,202,169,220,187,205,202,224,190,202,103,193,28,91,109,211,172,16,248,100,91,73,79,70,25,169,100,226,205,97,172,251,158,224,224,224,224,224,224,224,224,224,224,224,224,100,91,73,79,70,25,169,100,2,1,62,1,1,1,51,180,173,137,162,108,130,163,177,161,163,172,162,159,172,178,127,162,162,163,162,120,129,173,172,172,163,161,178,102,164,179,172,161,178,167,173,172,102,138,140,136,149,110,103,72,94,94,94,94,94,2,2,33,1,1,1,45,1,1,1,1,1,1,1,1,1,1,1,116,111,113,114,76,108,115,116,24,88,26,85,17,9,116,111,113,114,76,108,115,116,24,88,26,85,17,9,128,104,13,9,71,2,1,48,1,1,1,61,165,158,147,164,153,159,158,88,89,156,159,147,145,156,80,155,109,88,88,98,98,101,91,97,103,89,93,97,103,89,107,156,159,147,145,156,80,146,109,171,88,88,88,104,101,91,105,89,93,105,89,91,88,98,98,93,98,98,89,89,2,2,90,1,1,1,63,118,114,114,112,112,115,108,113,117,108,113,118,114,114,98,110,115,107,113,117,107,113,118,114,114,114,111,112,115,108,113,117,108,113,115,114,110,117,110,113,113,37,99,64,55,44,122,49,101,114,114,105,115,110,113,117,110,113,118,123,60,122,2,3,188,18,242,1,57,96,27,220,232,27,79,45,232,220,146,201,62,199,181,233,185,215,167,220,181,130,220,146,184,100,100,100,236,151,253,65,117,185,253,65,117,151,100,253,14,185,253,14,117,117,220,112,164,113,10,220,146,201,146,151,100,2,1,212,1,1,1,72,252,6,9,10,255,5,7,253,1,5,7,253,244,57,66,56,15,244,54,47,61,49,17,71,72,70,61,66,59,2,55,60,53,70,252,74,253,244,57,66,56,15,244,70,57,72,73,70,66,244,72,53,54,64,57,2,55,67,66,55,53,72,252,54,253,244,57,66,56,253,252,2,2,82,1,1,1,73,121,121,126,122,56,37,64,51,38,57,63,64,122,121,62,63,51,49,62,114,59,109,122,122,100,100,105,123,97,104,121,125,97,104,121,107,62,63,51,49,62,114,52,109,43,122,122,105,100,124,97,121,123,122,97,102,125,97,102,121,121,126,122,122,122,103,98,123,104,121,125,104,2,2,182,1,1,1,39,157,159,158,133,142,153,133,142,157,157,154,158,158,131,142,159,133,141,157,153,133,141,157,154,158,158,158,142,141,159,133,136,157,153,133,136,157,159,2,3,22,22,62,1,37,94,27,132,199,27,132,115,115,87,237,116,49,112,182,179,23,94,94,94,27,157,153,115,199,153,115,157,94,48,6,199,48,6,115,115,178,2,3,160,22,62,1,93,127,170,64,212,187,64,124,187,191,149,124,64,78,161,170,23,61,65,81,103,119,64,61,254,64,78,140,232,232,144,18,165,253,39,232,186,144,81,186,144,253,253,64,36,40,233,166,64,78,161,78,39,232,232,186,249,14,39,35,253,81,35,253,64,233,166,212,119,64,170,23,61,65,161,15,36,250,61,166,19,102,191,40,149,250,232,78,253,64,233,166,212,2,1,171,1,1,1,48,230,203,29,16,31,32,29,25,203,31,12,13,23,16,217,14,26,25,14,12,31,211,13,212,203,16,25,15,212,211,212,212,211,219,217,219,227,212,181,203,203,203,203,203,203,203,203,2,1,164,1,1,1,77,196,196,196,196,196,196,196,196,13,10,196,240,242,238,251,212,222,237,23,229,204,235,239,23,215,253,28,29,7,235,204,204,213,213,212,207,220,216,209,220,216,205,205,205,196,19,22,196,240,242,238,251,212,222,237,23,229,204,235,239,23,215,253,28,29,7,235,204,204,213,213,213,207,220,209,220,2,1,56,1,1,1,45,97,97,97,88,167,170,88,132,134,130,143,104,114,129,171,121,96,127,131,171,107,145,176,177,155,127,96,96,105,106,107,99,105,106,104,101,105,106,104,97,97,97,88,172,2,3,191,20,28,1,84,119,62,233,125,31,31,31,31,31,31,31,31,31,31,31,31,31,31,31,31,31,31,31,31,129,165,34,72,118,129,212,42,53,62,252,71,43,90,155,183,99,137,61,52,79,202,125,31,31,31,31,31,31,31,31,31,31,31,31,31,31,31,31,62,233,43,125,31,31,31,31,31,31,31,31,31,31,31,31,62,233,43,202,2,2,28,1,1,1,78,18,60,60,60,60,60,60,60,60,127,118,128,18,18,60,60,60,60,60,60,60,60,69,93,65,52,126,111,118,121,112,115,117,118,52,51,120,117,121,123,120,60,113,39,52,52,52,43,47,36,49,41,51,55,41,51,49,52,43,46,55,43,46,51,51,33,120,117,121,123,120,60,122,39,97,52,52,2,1,219,1,1,1,61,12,15,6,12,12,4,8,12,12,4,7,3,3,12,6,12,19,4,8,12,19,4,7,3,3,13,16,16,6,12,18,4,8,12,18,4,7,3,3,3,12,11,6,17,4,8,17,4,6,3,12,14,8,12,14,4,4,7,3,3,2,3,206,4,172,1,39,97,94,76,97,73,79,70,97,103,85,97,103,73,73,69,127,0,27,36,46,9,133,70,70,97,79,97,106,73,85,97,106,73,82,55,244,46,250,2,3,218,22,62,1,61,245,122,182,245,249,207,182,122,136,219,228,81,119,123,139,161,177,122,119,56,122,136,198,202,122,94,98,35,224,122,136,219,136,97,244,51,72,122,35,224,14,177,122,228,81,119,123,219,73,94,52,119,224,77,160,249,98,207,52,34,2,2,16,1,1,1,48,122,39,48,107,98,108,53,48,126,107,124,123,126,98,48,124,111,110,100,107,34,109,97,98,109,111,124,40,110,39,48,107,98,108,39,40,39,83,40,102,98,67,101,60,71,65,127,2,1,115,1,1,1,40,215,163,159,147,218,212,224,216,161,182,226,229,216,186,232,220,156,125,147,147,147,147,147,147,147,147,223,226,214,212,223,147,215,226,226,183,224,172,217,2,1,13,1,1,1,92,88,45,74,45,116,110,122,114,59,93,121,110,134,114,127,128,59,89,124,112,110,121,93,121,110,134,114,127,23,45,45,45,45,45,45,45,45,118,115,45,113,124,124,81,122,70,115,88,45,110,123,113,45,113,124,124,81,122,70,115,88,59,93,121,110,134,114,127,84,130,118,45,129,117,114,123,23,45,45,45,45,45,45,45,45,45,45,45,45,96,91,2,3,78,18,242,1,75,158,175,105,73,192,209,245,53,23,2,126,246,157,5,58,246,20,19,156,225,2,71,173,156,246,7,122,173,225,191,122,110,105,91,246,246,245,228,41,143,126,7,75,143,126,7,57,122,173,225,191,122,110,208,91,121,143,6,6,58,143,245,211,58,143,245,177,58,246,246,143,6,194,41,2,2,56,1,1,1,39,7,1,31,27,7,1,31,28,32,32,7,16,4,30,7,31,29,32,6,6,27,6,6,31,31,75,13,82,89,70,24,95,11,32,32,7,30,7,2,1,94,1,1,1,64,135,137,134,144,145,139,144,145,135,135,138,129,192,126,194,205,126,202,205,193,191,202,126,212,155,192,185,199,187,139,201,153,126,199,196,126,212,154,134,134,142,137,143,143,135,139,143,143,135,126,210,198,195,204,126,212,155,212,137,134,134,134,144,2,3,177,4,172,1,40,80,83,50,86,44,56,86,44,50,41,92,56,92,44,44,17,224,251,221,98,17,215,194,236,200,104,10,13,7,236,251,230,59,218,233,212,7,41,19,2,2,101,1,1,1,50,78,69,2,11,1,96,69,23,2,17,18,23,11,69,17,6,7,9,2,75,8,12,11,8,6,17,77,7,78,69,2,11,1,78,77,78,78,77,15,11,42,16,81,46,44,22,1,85,73,2,3,69,6,206,1,91,229,57,112,112,153,102,98,67,188,43,213,97,42,162,62,127,168,142,82,18,119,229,229,229,229,229,229,229,229,62,107,57,119,119,229,229,229,229,229,229,229,229,228,203,213,218,92,188,223,228,88,152,98,137,53,13,32,168,12,13,67,142,107,52,137,82,112,107,13,18,97,112,52,42,97,229,92,118,13,13,13,58,78,83,28,58,63,18,38,58,2,1,130,1,1,1,52,180,171,173,170,179,182,175,179,182,171,171,189,238,241,229,227,238,162,228,191,253,170,170,179,184,173,181,171,175,181,171,174,170,170,180,183,181,173,182,171,175,182,171,174,170,170,179,183,172,179,171,2,2,26,1,1,1,51,51,50,41,45,53,41,45,49,49,54,50,50,47,52,41,49,51,50,41,33,53,41,33,49,49,101,35,128,119,108,58,113,37,41,54,59,124,58,126,119,58,118,119,123,121,118,58,112,37,124,2,3,91,4,172,1,84,108,150,114,226,156,12,187,150,141,187,189,15,211,211,211,235,220,6,214,226,6,214,220,211,238,6,226,238,6,214,214,187,183,147,138,165,187,189,18,189,220,211,211,241,250,253,220,238,3,214,226,238,3,214,187,138,165,135,12,187,129,108,150,114,18,180,183,177,150,165,144,229,132,147,126,177,211,189,214,187,138,165,135,2,1,89,1,1,1,78,148,121,203,190,205,206,203,199,121,205,186,187,197,190,135,188,200,199,188,186,205,129,187,130,121,190,199,189,130,129,130,182,133,129,191,206,199,188,205,194,200,199,129,130,197,200,188,186,197,121,196,150,129,129,138,144,141,131,138,130,132,129,139,137,134,139,137,130,130,148,197,200,188,186,197,121,187,2,3,143,18,242,1,77,156,186,55,55,242,242,106,208,225,72,140,208,225,72,123,55,55,242,191,89,208,72,106,55,225,191,140,225,191,72,72,123,55,55,208,20,89,208,72,106,55,208,242,140,208,242,72,72,123,55,55,242,54,106,208,225,72,140,208,225,72,123,55,55,225,71,106,208,20,72,140,208,20,72,220,122,2,1,151,1,1,1,82,253,6,9,183,0,212,191,191,200,194,200,208,192,196,200,208,192,195,186,249,183,251,6,183,3,6,250,248,3,183,13,212,249,242,0,244,196,2,210,183,0,253,183,13,211,199,183,11,255,252,5,183,13,212,13,194,201,204,205,183,252,5,251,210,183,249,242,0,244,212,10,11,9,0,5,254,197,250,255,248,9,2,1,171,1,1,1,43,211,33,212,203,16,25,15,230,203,29,16,31,32,29,25,203,31,12,13,23,16,217,14,26,25,14,12,31,211,13,212,203,16,25,15,212,211,212,212,211,17,32,2,1,141,1,1,1,70,251,240,1,246,252,251,181,182,151,173,173,173,173,173,173,173,173,173,173,173,173,4,245,246,249,242,173,1,255,2,242,173,241,252,151,173,173,173,173,173,173,173,173,173,173,173,173,173,173,173,173,214,7,218,189,221,252,219,212,216,6,217,181,182,151,173,173,173,173,2,3,131,4,172,1,79,227,227,227,227,227,227,227,227,227,227,227,227,124,109,115,118,196,100,121,124,40,232,46,223,19,251,160,88,148,251,181,226,205,172,223,190,208,205,251,254,199,208,172,166,199,227,196,58,251,251,37,43,1,22,254,4,251,25,25,10,25,25,254,254,52,199,208,172,166,199,227,169,58,244,251,251,22,43,2,3,105,12,164,1,63,165,55,132,44,66,33,132,132,88,132,132,44,44,77,33,33,132,187,176,55,132,44,66,33,154,88,154,44,44,77,33,33,132,209,154,55,132,44,66,33,132,187,88,132,187,44,44,77,33,33,33,132,198,176,66,132,187,44,88,132,187,44,2,1,167,1,1,1,82,210,207,222,212,222,208,208,36,226,13,22,25,199,16,228,207,207,216,210,216,216,208,212,216,216,208,211,202,9,199,11,22,199,19,22,10,8,19,199,29,228,9,2,16,4,212,18,226,199,16,13,199,29,227,207,207,215,209,216,208,210,207,217,217,212,217,217,208,208,199,27,15,12,21,199,29,228,29,210,207,207,2,1,27,1,1,1,58,77,80,81,70,76,78,68,72,76,78,68,59,128,137,127,86,59,125,118,132,120,88,142,143,141,132,137,130,73,126,131,124,141,67,145,68,59,128,137,127,86,59,141,128,143,144,141,137,59,143,124,125,135,128,73,126,138,2,1,122,1,1,1,84,232,221,219,238,162,220,163,154,223,232,222,163,162,163,215,166,162,224,239,232,221,238,227,233,232,162,163,230,233,221,219,230,154,229,183,162,162,171,179,177,165,175,163,167,175,163,181,230,233,221,219,230,154,220,183,245,162,162,176,170,164,171,163,165,162,171,170,167,171,170,163,163,166,173,178,166,162,162,174,176,164,171,163,2,1,69,1,1,1,80,112,109,118,122,114,118,122,110,110,113,109,109,109,122,124,112,122,110,114,122,110,112,109,118,118,114,118,118,110,110,194,128,171,180,183,101,174,130,118,113,104,167,101,169,180,101,177,180,168,166,177,101,187,130,167,160,174,162,114,176,128,101,174,171,101,187,129,117,101,185,173,170,179,101,187,130,187,112,109,2,1,21,1,1,1,47,61,71,74,75,63,70,62,64,61,74,66,74,62,62,53,122,131,121,80,53,119,112,126,114,82,136,137,135,126,131,124,67,120,125,118,135,61,139,62,53,122,131,121,80,53,135,2,3,46,24,168,1,78,65,154,177,108,16,14,154,229,252,226,65,80,19,39,16,19,229,154,198,252,221,14,65,16,42,221,198,221,221,198,198,198,195,244,149,221,11,198,149,218,57,149,218,221,221,221,20,14,14,14,14,14,14,14,14,14,14,14,14,65,16,42,20,14,14,14,14,14,14,14,14,65,16,42,221,20,14,2,3,229,24,168,1,79,197,197,197,248,199,225,203,248,199,225,203,203,90,231,21,44,130,162,67,90,214,150,4,81,53,125,90,231,21,44,130,162,67,90,214,150,4,81,53,125,110,70,217,58,81,35,84,199,38,7,202,61,156,35,125,125,125,125,76,76,191,194,214,148,240,214,148,194,125,4,240,4,148,148,217,125,125,4,2,3,80,12,164,1,38,173,30,107,19,41,8,107,162,63,107,162,19,19,52,8,8,107,107,151,41,107,162,19,63,107,162,19,52,8,8,107,96,173,30,107,19,41,2,2,158,1,1,1,88,182,176,173,177,176,173,181,181,181,181,178,182,252,233,244,255,234,245,243,244,182,181,242,243,255,253,242,190,247,161,173,176,172,167,242,243,255,253,242,190,0,161,231,182,182,182,176,170,169,183,173,172,181,177,173,172,181,183,182,173,169,177,173,169,181,181,178,182,182,176,176,175,184,173,181,183,182,175,177,175,181,181,178,182,182,182,176,2,3,108,18,242,1,88,207,173,71,173,241,37,105,173,241,37,71,20,173,2,105,173,2,37,37,88,20,20,20,190,224,190,71,2,37,105,2,37,71,20,36,105,36,37,37,185,87,50,203,254,140,101,121,20,20,173,54,173,37,71,20,173,241,105,173,241,37,37,88,191,238,140,16,203,140,152,203,255,221,152,140,66,121,238,119,101,153,105,135,87,140,101,50,2,1,153,1,1,1,54,185,15,213,193,193,193,201,196,202,201,194,198,202,201,194,196,193,204,198,204,194,194,185,13,1,254,7,185,15,214,15,196,203,206,207,185,254,7,253,212,185,251,244,2,246,214,12,13,11,2,7,0,199,2,3,55,4,172,1,79,96,111,90,141,175,153,178,151,102,129,99,232,151,141,102,147,150,141,129,151,147,90,93,123,102,193,96,132,129,96,90,147,175,93,178,151,102,129,99,178,175,178,178,175,202,193,214,178,85,15,21,138,18,162,102,226,144,27,223,9,57,45,253,147,175,178,85,85,151,85,123,132,96,90,123,151,117,147,2,2,89,1,1,1,46,28,63,29,106,31,106,112,18,105,22,43,2,55,117,121,21,112,31,108,33,43,9,23,1,1,58,16,12,121,102,121,8,32,4,113,63,46,55,60,45,50,56,55,113,114,2,3,58,6,206,1,52,86,101,41,31,86,218,81,107,2,2,47,77,77,12,47,7,17,2,47,42,27,47,42,7,7,97,86,101,41,31,86,218,36,107,161,2,2,2,57,57,17,47,52,7,27,47,52,7,17,2,47,2,1,10,1,1,1,63,60,55,59,60,51,51,54,50,50,60,58,52,59,51,53,50,63,55,63,51,51,54,50,50,59,66,52,59,51,53,50,67,55,67,51,51,54,50,50,60,67,52,59,51,53,50,66,55,66,51,51,54,50,50,50,60,67,53,59,59,51,55,2,3,75,22,62,1,44,80,80,168,210,147,80,80,252,80,80,168,168,140,34,169,102,165,235,232,76,147,147,80,189,80,168,210,147,101,122,252,101,122,168,168,231,42,85,235,127,102,235,39,2,3,135,12,164,1,50,76,200,178,43,231,153,38,189,112,10,134,118,32,16,231,10,233,231,153,27,63,63,151,85,162,74,96,63,206,118,206,74,74,231,131,255,222,65,231,153,38,153,96,173,206,217,231,222,65,2,3,147,20,28,1,65,255,244,243,217,84,94,122,26,28,47,9,94,189,56,253,236,75,198,9,139,85,158,243,18,189,255,244,243,9,18,47,66,9,189,243,47,198,217,151,18,253,236,208,189,236,198,47,139,217,158,243,18,189,255,158,139,158,122,139,37,66,189,236,47,2,1,220,1,1,1,58,69,75,74,4,5,230,252,252,252,252,72,75,63,61,72,252,51,70,77,61,68,15,33,29,34,32,84,46,39,252,25,252,35,39,79,15,53,84,85,63,35,4,4,13,14,16,7,14,12,9,14,12,5,5,230,252,252,2,1,68,1,1,1,68,100,100,176,179,167,165,176,100,143,124,124,189,151,187,120,117,153,119,173,188,152,151,100,129,100,171,165,177,169,126,140,184,184,180,139,169,184,108,155,174,181,165,172,119,137,133,138,136,188,150,143,112,100,184,182,185,169,109,78,100,100,100,100,151,146,148,149,2,3,144,20,28,1,62,129,33,166,185,165,101,203,44,32,136,157,213,212,136,34,63,186,233,44,91,205,186,136,155,148,205,233,195,148,240,129,23,136,136,136,51,32,165,193,51,203,155,231,51,203,155,193,136,51,203,231,51,203,155,155,241,148,205,233,195,148,2,1,44,1,1,1,71,76,142,105,167,84,84,94,93,97,86,93,85,87,84,93,99,89,93,99,85,85,88,84,84,94,93,100,86,93,85,87,84,93,101,89,93,101,85,85,88,84,84,94,92,96,86,93,85,87,84,93,94,89,93,94,85,85,88,84,84,94,92,99,86,93,85,87,84,93,95,2,1,195,1,1,1,48,240,244,246,236,236,239,235,235,245,245,245,237,244,236,238,235,250,240,250,236,236,239,235,235,235,245,245,246,238,248,236,240,248,236,238,235,251,240,251,236,236,239,235,235,245,245,244,2,3,44,22,62,1,78,179,49,28,137,221,49,28,137,200,116,116,70,49,70,158,49,137,179,116,112,221,112,137,137,200,116,116,70,49,175,179,70,137,221,70,137,200,116,116,70,49,28,158,49,137,179,116,70,49,221,70,49,137,137,109,3,138,71,134,204,201,45,116,116,116,49,179,49,133,137,221,49,133,137,179,116,70,2,1,86,1,1,1,67,134,131,136,134,127,127,130,121,184,118,186,197,118,194,197,185,183,194,118,204,147,184,177,191,179,131,193,145,118,191,188,118,204,146,134,118,202,190,187,196,118,204,147,204,129,126,126,136,139,140,128,135,127,129,126,136,135,131,136,135,127,127,118,187,196,186,2,2,111,1,1,1,60,86,79,13,54,8,52,84,30,27,29,8,1,10,65,14,7,16,29,71,25,72,79,12,1,11,86,79,29,12,27,28,29,1,79,27,16,13,3,12,65,14,2,1,14,16,27,71,13,72,79,12,1,11,72,71,72,72,71,38,2,2,134,1,1,1,52,190,190,253,215,243,178,181,209,183,237,254,210,215,173,174,173,144,225,236,226,173,144,144,237,228,166,236,235,242,166,240,242,199,228,194,181,196,181,179,205,182,201,248,221,236,166,242,238,225,236,144,2,1,122,1,1,1,42,154,154,154,154,217,193,213,162,224,239,232,221,238,227,233,232,162,163,230,233,221,219,230,154,229,183,162,162,171,176,164,171,163,165,162,171,179,167,171,179,163,2,2,80,1,1,1,75,103,117,36,33,45,47,36,112,46,115,53,104,104,127,125,123,101,122,103,99,122,103,100,104,104,127,127,125,102,127,103,101,104,125,99,125,103,103,100,104,104,127,125,128,102,127,103,101,104,127,121,99,127,121,103,103,100,104,104,127,126,122,102,127,103,101,104,127,127,99,127,127,103,103,2,2,142,1,1,1,38,241,183,236,227,0,174,229,177,166,166,189,167,189,189,165,161,189,189,165,162,175,240,174,234,227,174,226,227,239,237,226,174,252,177,240,215,229,2,3,86,14,198,1,39,15,159,197,85,246,171,132,246,84,98,198,246,58,158,119,236,246,84,111,84,133,94,94,94,224,7,20,133,211,237,107,159,211,237,107,133,94,211,2,2,209,1,1,1,81,233,254,226,233,250,250,241,182,191,181,236,241,179,140,186,142,238,164,165,163,186,191,184,255,180,185,178,163,249,167,250,241,182,191,181,236,241,163,182,165,166,163,191,241,165,178,179,189,182,255,180,192,191,180,178,165,249,179,250,241,182,191,181,250,249,250,142,249,152,156,164,228,138,169,170,180,152,249,249,226,2,3,188,4,172,1,80,82,91,61,88,91,67,88,91,55,55,64,28,160,97,142,85,36,18,172,166,196,196,223,193,181,55,218,235,0,21,235,218,28,28,28,28,181,166,172,175,253,157,178,181,97,33,103,24,76,52,217,145,64,52,238,27,6,229,24,247,9,6,52,55,0,9,229,223,0,28,253,115,52,52,82,76,76,61,79,2,3,115,18,242,1,50,43,44,112,180,43,44,94,159,210,6,228,159,147,245,128,158,27,27,248,9,61,180,44,78,27,214,112,214,44,44,95,248,43,95,27,27,231,60,61,180,44,78,27,180,214,112,180,214,44,2,1,89,1,1,1,57,130,133,129,129,142,141,132,138,139,130,134,138,139,130,133,129,129,143,137,131,138,130,132,129,139,140,134,139,140,130,130,214,148,191,200,203,121,194,150,129,129,129,138,132,138,144,130,134,138,144,130,132,129,138,146,134,2,2,110,1,1,1,93,93,85,69,69,66,79,16,78,10,3,78,2,3,15,13,2,78,28,81,16,55,5,49,65,7,87,78,5,12,78,28,82,70,70,94,72,93,69,71,70,93,92,65,93,92,69,69,78,26,6,9,4,78,28,81,28,71,70,70,70,96,89,92,71,93,95,69,65,93,95,69,71,70,93,96,65,93,96,69,69,78,9,4,10,87,78,16,55,5,49,81,31,2,2,151,1,1,1,50,227,229,0,249,242,185,246,255,248,229,191,225,192,183,244,249,243,174,183,229,244,227,228,229,249,183,227,248,245,251,244,185,246,250,249,246,248,227,191,245,192,183,244,249,243,192,191,192,192,2,3,176,4,172,1,86,40,133,145,9,73,187,24,27,217,133,40,40,67,70,82,49,91,82,55,91,82,43,43,43,206,223,250,220,206,206,244,253,217,211,244,16,163,163,211,139,12,238,223,214,12,97,16,220,253,16,244,253,217,211,244,16,235,67,142,250,175,157,136,223,229,30,103,33,193,133,145,9,73,187,24,27,217,133,40,40,67,70,85,49,67,2,1,198,1,1,1,47,246,243,247,246,239,239,35,3,28,8,21,14,26,16,11,45,44,242,33,13,17,57,249,31,62,63,41,13,238,238,247,248,254,241,247,247,249,243,247,247,249,239,239,35,3,8,2,3,171,20,28,1,82,41,116,184,59,97,135,230,221,118,156,61,239,108,240,60,52,116,70,147,166,4,240,163,163,78,97,230,220,230,135,2,230,135,182,182,146,50,164,33,213,22,175,118,118,126,147,242,12,11,174,174,222,22,71,137,42,241,71,50,118,78,41,213,250,136,3,42,80,185,11,42,213,23,105,175,232,4,222,175,11,61,2,1,56,1,1,1,92,173,166,155,172,161,167,166,88,159,151,135,175,173,170,124,121,136,161,96,163,100,102,102,102,97,66,88,88,164,167,155,153,164,88,158,115,88,156,167,88,164,167,155,153,164,88,165,127,143,175,174,176,165,124,127,170,140,117,137,137,153,129,172,162,157,154,172,147,163,149,115,88,158,117,165,127,143,175,174,176,165,124,127,170,140,88,157,166,156,66,88,2,2,100,1,1,1,60,68,11,6,68,6,68,3,14,8,68,76,76,76,76,85,73,85,75,79,85,75,74,76,76,83,83,74,83,75,73,76,82,81,79,82,81,75,75,75,79,76,76,76,76,85,73,83,85,75,79,83,85,75,73,76,83,86,79,83,2,3,93,22,62,1,59,203,186,186,207,165,165,98,98,207,98,186,228,165,98,161,14,98,161,186,186,186,186,94,94,165,165,77,207,98,186,228,165,119,119,14,119,119,186,186,253,225,229,166,99,253,183,166,225,246,183,99,253,44,195,237,2,36,132,2,1,82,1,1,1,53,164,165,137,201,139,198,130,122,177,153,126,122,184,199,192,181,198,187,193,192,122,123,190,193,181,179,190,114,189,143,122,122,133,139,125,137,123,127,137,123,141,190,193,181,179,190,114,180,143,205,131,134,2,3,41,6,206,1,78,30,154,80,39,84,99,201,54,90,241,241,30,0,30,35,246,10,30,35,246,5,216,19,201,29,84,201,69,84,24,14,69,201,119,90,19,240,54,250,10,64,80,201,54,39,201,119,85,241,241,25,251,30,246,0,241,70,10,70,246,246,201,109,49,34,79,201,119,90,119,0,241,241,241,35,50,55,2,1,226,1,1,1,47,13,24,11,15,24,11,13,10,19,18,15,19,18,11,11,2,71,80,70,29,2,68,61,75,63,31,85,86,84,75,80,73,16,69,74,67,84,10,88,11,2,71,80,70,29,2,2,2,210,1,1,1,65,164,181,166,165,164,192,242,166,177,180,190,181,0,179,191,192,179,177,166,250,180,249,242,181,192,182,249,250,249,249,250,0,0,0,249,242,181,192,182,220,242,242,164,181,166,165,164,192,242,192,185,190,220,181,192,182,220,185,184,242,184,177,190,163,2,3,143,24,168,1,55,162,111,251,231,162,113,111,208,24,168,64,18,205,171,102,191,254,39,240,76,228,36,142,87,110,116,240,39,39,246,13,128,108,151,105,154,151,105,62,62,62,111,162,113,139,117,111,111,111,111,251,36,122,231,2,2,102,1,1,1,84,61,24,88,23,5,51,13,89,85,88,88,93,112,70,70,1,10,23,1,112,70,70,70,70,8,24,1,5,15,112,70,70,1,12,2,112,70,70,13,4,70,33,9,23,52,48,84,3,53,48,13,52,92,88,70,5,12,2,70,18,87,41,14,61,24,88,23,5,51,13,89,89,94,94,84,70,18,14,1,12,70,18,87,2,1,150,1,1,1,90,227,254,239,8,200,9,247,237,255,211,199,200,200,207,182,251,4,250,160,251,4,250,160,182,182,251,2,9,251,255,252,182,190,190,190,1,6,247,10,252,229,220,217,207,204,2,195,1,6,247,10,252,229,220,217,207,204,2,191,193,199,191,211,211,200,191,182,10,254,251,4,160,182,182,182,182,2,5,249,247,2,182,225,198,249,251,4,199,221,2,1,167,1,1,1,93,244,228,215,177,199,199,199,199,30,15,16,19,12,199,242,215,10,12,21,216,238,244,227,216,199,11,22,199,242,215,10,12,21,216,238,244,228,242,215,10,12,21,216,238,244,210,216,199,12,21,11,177,199,199,12,19,26,12,177,199,199,199,199,19,22,10,8,19,199,242,215,10,12,21,216,238,244,228,207,217,223,210,219,219,208,212,207,217,223,210,219,219,2,1,103,1,1,1,60,144,113,135,135,135,135,208,205,135,178,151,202,204,213,152,174,180,229,164,151,135,219,207,204,213,135,178,151,202,204,213,152,174,180,164,178,151,202,204,213,152,174,180,146,152,135,204,213,203,113,135,135,204,213,203,113,204,213,203,3}},{k=200,b={60}}}
_G["whSUo94u4Frz"]=function(i)
  local e=_G["KLrx6uFp"][i]
  local t={}
  for j=1,#e.b do
    t[j]=e.b[j]-e.k
    if t[j]<0 then t[j]=t[j]+256 end
  end
  local __u=table.unpack or unpack
  local out=string.char(__u(t))
  local nk=((e.k*33)+17)%251+1
  local nb={string.byte(out,1,#out)}
  for j=1,#nb do nb[j]=(nb[j]+nk)%256 end
  e.k=nk; e.b=nb
  return out
end
local function VLqSxZ8iiqa()
  if type(_G["RRGhbjBL1DCh"])~="function" then return false end
  if type(_G["KLrx6uFp"])~="table" then return false end
  return true
end
do
  if not VLqSxZ8iiqa() then
    local __t=nil
    __t()
  end
end
local function GfFH_OhI(x)
  local oJqjEEEX=(x*18)-(x*18)
  local Gb3BYjV=(oJqjEEEX+16)-16
  if Gb3BYjV~=0 then return x end
  return x
end
GfFH_OhI(1)
do local oJqjEEEX=1; local Gb3BYjV=1; if (oJqjEEEX+Gb3BYjV)==3 then oJqjEEEX=oJqjEEEX+1 end end
do local oF71AY0Cv1R=0; while oF71AY0Cv1R<1 do oF71AY0Cv1R=oF71AY0Cv1R+1 end end
do local BEjBE35=1; local XL1tzXSUW=0
  while true do
    if BEjBE35==1 then
      XL1tzXSUW=XL1tzXSUW+1
      if ((XL1tzXSUW*23)-(XL1tzXSUW*23))==0 then BEjBE35=2 else BEjBE35=3 end
    elseif BEjBE35==2 then
      if (19-19)~=0 then XL1tzXSUW=XL1tzXSUW+9 end
      break
    else
      break
    end
  end
end
repeat local pGhdyaZWWJL=0; pGhdyaZWWJL=pGhdyaZWWJL+1 until pGhdyaZWWJL>0
local Q86YbbyCFUSu="\116\116\255\115\115\115\159\91\86\249\31\31\83\86\98\96\83\31\80\80\93\39\78\87\89\79\40\36\40\249\31\31\83\86\98\96\83\31\73\81\83\40\77\66\113\55\91\98\54\47\36\116\115\48\115\115\115\176\99\97\58\80\80\153\150\80\88\88\88\129\129\150\104\135\152\154\128\105\90\138\130\156\105\134\115\162\120\148\147\127\96\89\93\88\129\129\150\104\135\152\154\128\105\90\138\130\156\105\134\115\162\120\148\147\127\96\89\89\109\116\117\148\126\22\115\167\51\164\87\244\191\78\224\244\76\76\76\76\15\15\246\252\81\12\34\4\7\109\114\26\56\7\70\117\122\172\224\213\249\164\87\98\197\87\131\76\76\15\15\246\252\81\12\34\4\7\98\197\116\116\210\115\115\115\152\233\231\234\120\128\166\217\124\143\160\138\174\175\131\226\232\223\233\233\233\213\213\226\233\242\158\170\173\164\200\166\163\175\177\166\242\161\116\117\126\120\64\115\156\230\200\99\139\225\240\124\174\175\130\140\135\176\154\169\109\99\154\30\209\135\4\145\199\225\119\184\225\140\145\19\209\175\110\176\209\134\139\154\119\30\116\116\47\115\115\115\186\59\65\60\76\15\75\70\41\15\15\72\77\15\64\103\113\80\72\110\105\77\63\244\244\251\253\252\15\59\71\76\69\41\15\15\15\15\62\252\101\254\60\110\76\65\110\253\254\96\62\244\62\252\101\254\60\110\76\65\110\253\254\96\62\10\0\41\15\15\15\15\116\115\58\115\115\115\192\163\160\90\98\177\111\136\113\175\129\159\172\129\112\113\139\177\100\113\99\103\98\177\111\136\113\175\129\159\172\129\112\113\139\177\100\113\99\119\119\106\90\174\162\159\168\90\171\130\124\155\163\129\132\160\170\119\113\110\112\90\159\166\173\159\90\171\130\124\155\163\129\132\160\170\119\107\116\117\175\118\30\115\194\63\72\69\15\222\249\219\205\15\15\222\243\8\222\234\225\15\2\135\117\210\234\132\141\225\255\102\102\84\75\81\15\11\231\222\249\205\205\205\205\205\205\204\132\192\20\231\168\174\252\90\75\14\75\129\5\29\39\39\66\48\84\66\54\84\66\42\42\198\102\225\14\249\216\11\234\252\249\39\116\117\214\120\64\115\204\36\233\147\237\242\152\218\1\37\6\247\163\8\118\118\242\1\197\187\242\118\42\237\243\117\6\218\102\217\238\187\142\7\61\177\177\21\16\197\7\36\233\147\237\242\152\218\1\37\6\247\71\8\118\118\16\207\26\31\16\252\118\177\57\157\158\212\31\252\197\26\227\1\252\158\163\242\1\197\187\242\118\237\7\158\158\158\208\203\116\116\197\115\115\115\183\212\236\218\238\242\218\238\236\237\214\213\242\214\213\238\238\220\177\176\164\166\177\229\163\226\156\237\237\216\211\236\214\211\238\242\214\211\238\241\237\237\237\218\221\236\218\238\242\218\238\236\237\214\211\242\214\211\238\238\241\237\237\237\216\212\236\214\217\116\116\226\115\115\115\152\185\181\209\206\185\183\186\208\210\181\208\210\185\185\182\186\186\186\204\204\183\206\185\181\206\185\183\186\209\202\181\209\202\185\185\182\186\116\115\178\115\115\115\205\218\218\231\234\221\230\219\223\230\219\221\218\228\228\223\228\228\219\219\222\218\218\233\229\221\227\235\219\223\227\235\219\222\218\218\231\230\221\234\219\223\234\219\222\218\218\233\229\220\227\219\221\218\227\233\223\227\233\219\219\222\231\230\222\218\218\231\231\220\227\219\221\218\227\235\223\227\235\219\219\222\218\218\218\232\231\221\227\235\219\116\116\74\115\115\115\151\109\89\97\113\111\114\88\89\109\88\89\113\113\110\85\98\29\95\36\43\24\106\49\93\114\114\114\89\111\98\113\109\98\113\111\114\116\115\52\115\115\115\180\101\107\97\101\107\93\93\96\87\150\84\152\163\84\160\163\151\149\160\84\170\113\150\143\157\145\97\159\111\84\157\154\84\170\112\92\92\100\94\101\93\95\92\103\97\103\93\93\84\168\156\153\162\84\170\113\170\95\92\92\102\105\106\94\101\116\116\1\115\115\115\182\26\24\25\47\47\22\47\47\26\26\33\94\83\93\40\33\95\72\90\70\38\112\109\111\90\83\92\19\96\89\98\111\25\107\26\33\94\83\93\40\33\111\94\109\110\111\83\33\109\98\95\85\94\19\96\84\83\96\98\109\25\95\26\33\94\83\93\116\117\237\136\176\115\201\74\53\74\142\53\4\46\137\141\4\191\141\141\141\141\184\184\138\243\33\54\197\238\75\134\243\12\113\138\8\243\53\16\138\138\176\70\150\117\251\155\137\239\87\112\146\49\37\12\197\37\197\74\141\71\54\113\134\71\243\141\129\180\154\188\29\49\125\96\133\226\37\179\184\184\92\71\12\100\239\87\112\146\49\37\12\116\117\30\136\176\115\173\246\86\246\191\190\103\36\82\186\240\190\190\190\190\233\233\36\103\225\187\36\82\103\246\31\124\183\36\61\162\187\57\36\102\78\69\103\233\203\65\246\157\186\153\6\132\208\6\119\120\111\6\186\40\124\103\27\115\116\116\79\115\115\115\185\31\97\104\111\11\42\88\2\31\91\255\46\87\48\247\101\246\246\34\33\50\250\6\7\5\41\7\92\33\4\7\244\84\49\45\44\8\16\31\97\111\44\37\43\73\111\111\20\104\73\44\37\43\73\246\14\250\30\39\2\252\38\88\91\28\91\13\33\25\103\116\115\246\115\115\115\171\30\40\33\45\42\35\45\42\31\31\83\51\92\107\100\89\106\95\101\100\30\65\69\103\95\66\47\98\87\112\80\42\104\106\34\72\97\100\77\110\103\57\96\41\91\59\31\0\22\22\95\92\22\72\72\61\116\115\31\115\115\115\188\135\129\137\97\107\80\99\98\135\71\126\102\75\71\133\148\141\130\147\136\142\141\71\72\139\142\130\128\139\63\138\92\71\71\80\85\82\73\80\72\74\71\80\80\76\80\80\72\72\90\139\142\130\128\139\63\129\92\154\71\71\71\81\82\74\83\72\76\83\72\74\71\81\116\116\76\115\115\115\164\92\103\94\92\99\99\104\100\100\94\84\101\91\93\99\103\91\93\99\104\100\100\100\91\83\101\84\99\103\84\99\101\100\91\96\103\91\96\99\99\104\100\100\84\102\91\99\101\100\116\115\218\115\115\115\185\19\7\19\3\3\87\21\64\73\76\250\67\23\2\2\11\5\15\3\7\15\3\6\253\60\250\62\73\250\70\73\61\59\70\250\80\23\60\53\67\55\7\69\21\250\67\64\250\80\22\10\250\78\66\63\72\250\80\23\80\5\2\2\12\15\16\4\11\3\5\116\117\59\128\56\115\157\67\32\132\32\80\80\219\92\209\79\58\219\53\218\144\244\84\18\31\5\144\209\118\145\66\131\40\5\67\57\80\219\92\209\79\58\219\5\92\31\44\5\116\116\39\115\115\115\205\77\7\51\72\73\75\68\13\74\78\77\74\72\51\15\73\16\7\68\77\67\16\15\16\16\15\114\110\56\80\107\0\75\72\65\97\243\57\51\16\61\252\54\79\90\84\78\0\243\52\243\101\57\65\15\15\250\18\243\248\12\243\248\16\16\7\51\79\68\77\7\57\68\51\52\57\77\7\77\80\75\7\68\77\67\49\7\7\75\78\116\116\23\115\115\115\185\58\56\59\247\113\61\74\67\6\103\54\112\83\111\96\12\110\86\114\255\53\68\61\58\67\64\62\61\255\0\59\62\58\56\59\247\66\12\255\255\8\10\7\2\9\0\252\9\0\18\59\62\58\56\59\247\57\12\82\9\10\10\251\255\255\9\10\8\1\8\116\115\201\115\115\115\207\242\244\241\250\2\246\250\2\242\242\245\241\241\251\253\255\244\250\253\242\246\250\253\242\245\241\241\241\251\252\2\244\2\242\246\2\242\244\241\250\251\246\250\251\242\242\245\241\241\251\252\250\243\250\242\244\241\250\254\246\250\254\242\242\245\241\241\251\253\255\243\250\242\244\241\250\255\246\250\255\242\242\245\241\241\241\251\251\0\244\254\242\116\116\224\115\115\115\173\179\203\183\185\184\207\206\179\207\206\183\183\180\184\184\210\204\206\185\207\203\183\179\207\203\183\180\184\184\184\210\210\205\185\209\183\179\209\183\185\184\199\179\199\183\183\180\210\210\200\180\184\184\210\209\200\186\207\116\115\215\115\115\115\181\0\2\255\8\8\4\8\8\0\0\3\255\255\9\10\8\2\8\13\0\4\8\13\0\84\18\61\70\73\247\64\20\255\255\8\2\15\0\4\15\0\3\250\57\247\59\70\247\67\70\58\56\67\247\77\20\57\50\64\52\4\66\18\247\64\61\116\115\24\115\115\115\179\56\142\84\64\64\64\72\67\73\81\65\69\73\81\65\67\64\81\69\81\65\65\56\140\128\125\134\56\142\85\142\67\64\64\74\77\78\67\74\65\69\74\65\56\125\134\124\83\56\122\115\129\117\85\139\140\138\129\134\127\70\123\128\121\116\115\45\115\115\115\195\159\85\163\86\77\146\155\145\104\77\159\146\161\162\159\155\77\161\142\143\153\146\91\144\156\155\144\142\161\85\143\86\77\146\155\145\86\85\86\138\85\120\124\158\150\121\102\153\142\167\135\97\159\161\86\55\77\77\150\147\77\135\155\160\161\100\125\148\134\113\133\118\77\142\155\145\77\135\155\160\116\117\178\132\100\115\154\102\89\2\137\155\54\138\139\192\1\1\171\0\86\103\170\210\102\154\103\0\210\68\103\102\119\68\0\210\173\241\51\171\190\123\222\35\204\172\116\115\25\115\115\115\173\77\139\141\116\107\132\135\112\145\138\92\131\76\126\94\118\57\126\135\125\35\57\57\133\136\124\122\133\57\111\94\123\113\112\123\122\126\92\132\145\132\86\120\96\116\144\129\108\110\136\82\77\142\77\95\139\147\65\116\117\2\132\100\115\188\170\67\221\169\169\255\169\169\187\187\47\170\253\65\131\251\14\203\46\115\28\252\118\148\182\187\172\34\34\148\183\182\199\148\80\34\184\151\132\218\201\132\115\183\117\29\250\29\13\116\29\80\201\250\131\117\12\101\183\151\47\172\183\80\166\172\81\185\13\233\234\133\167\116\115\79\115\115\115\177\190\136\131\196\131\149\193\201\119\119\131\122\133\124\133\120\120\172\140\202\202\186\140\128\127\127\123\177\140\202\119\119\119\128\133\133\122\128\134\120\124\128\134\120\122\119\128\130\124\128\130\120\120\123\119\119\129\128\128\122\134\120\116\115\70\115\115\115\169\115\125\111\114\110\110\110\120\120\118\113\119\125\111\115\119\125\111\113\110\124\115\124\111\111\114\110\110\110\119\121\120\113\120\111\115\120\111\113\110\119\118\115\119\118\111\111\114\110\110\110\119\124\124\116\117\143\118\30\115\180\16\34\49\10\22\34\49\10\16\7\46\22\46\10\10\19\7\7\37\31\55\16\43\10\22\43\10\19\7\7\37\34\34\13\34\10\16\7\49\22\49\10\10\19\34\58\58\19\7\7\37\31\52\16\58\10\22\58\10\6\6\19\0\208\70\116\117\39\118\30\115\177\159\159\159\192\183\168\198\162\174\198\162\168\159\189\189\174\189\189\162\162\171\77\222\152\159\159\195\168\186\183\162\174\186\183\162\171\159\159\186\207\183\168\186\204\162\174\186\204\162\171\159\159\189\186\198\168\186\210\162\174\186\210\116\116\230\115\115\115\188\205\210\206\206\186\204\181\205\203\206\190\209\190\205\205\210\181\189\181\210\206\206\181\184\186\203\181\190\205\209\181\190\205\210\186\210\181\189\182\210\206\206\180\181\190\204\181\205\203\206\181\185\209\181\185\205\205\210\206\206\186\203\181\190\205\209\181\190\205\210\181\183\182\116\116\40\115\115\115\180\12\16\16\247\255\247\18\247\15\17\16\250\249\11\250\249\15\15\59\59\12\65\81\251\16\16\16\247\248\248\17\246\15\11\246\15\17\16\244\11\244\15\15\12\74\251\65\16\16\16\247\245\246\17\246\15\11\246\15\17\16\244\11\244\15\116\115\56\115\115\115\169\97\100\96\96\96\106\105\105\99\110\97\101\110\97\99\96\106\106\101\106\106\97\97\100\96\96\96\106\105\105\99\105\112\97\101\105\112\97\99\96\106\105\101\106\105\97\97\100\96\96\106\105\106\99\116\116\251\115\115\115\188\44\47\20\24\44\47\20\23\19\19\44\46\45\22\48\20\24\48\20\23\19\19\44\49\49\22\45\20\24\45\20\23\45\43\35\23\19\19\45\44\44\21\44\20\22\19\44\36\24\44\36\20\20\23\19\19\44\36\36\21\44\20\22\19\35\24\35\20\20\23\19\19\45\116\116\0\115\115\115\155\48\45\26\47\23\25\24\47\47\19\47\47\23\23\99\99\20\105\89\35\24\24\49\50\25\47\46\23\19\47\46\23\20\98\35\105\43\20\47\40\116\116\222\115\115\115\204\198\186\182\182\182\205\208\208\179\208\181\185\208\181\179\182\204\203\185\204\203\181\181\186\182\182\209\179\205\208\181\185\205\208\181\186\182\182\182\205\197\206\179\203\181\185\203\181\179\182\205\197\185\205\197\181\181\186\182\182\205\207\205\180\205\181\179\182\205\210\185\205\210\181\181\186\208\186\182\182\182\205\197\204\179\205\198\181\185\116\117\241\136\176\115\193\246\137\78\120\57\53\162\53\78\78\141\57\57\11\11\225\120\246\11\78\162\246\11\78\141\57\57\95\99\246\78\120\57\246\74\162\246\74\78\78\141\57\57\57\246\116\11\120\246\116\78\162\246\116\78\120\57\246\95\162\246\95\78\78\141\57\57\57\246\158\32\120\95\78\162\95\78\120\116\115\33\115\115\115\170\73\87\78\87\74\74\158\158\77\156\140\94\73\73\73\82\85\83\76\82\86\74\78\82\86\74\76\73\82\88\78\82\88\74\74\77\131\94\156\73\73\83\81\88\76\82\85\74\78\82\85\74\77\73\73\116\115\162\115\115\115\158\212\215\212\205\217\203\207\217\203\206\202\202\212\214\215\204\211\203\205\202\211\214\207\211\214\203\203\206\212\215\210\206\202\202\212\214\213\205\219\203\207\219\203\116\116\177\115\115\115\186\133\137\137\130\124\125\136\122\138\134\122\138\133\137\137\137\127\129\121\136\130\128\138\134\130\128\138\136\137\123\134\123\138\138\133\137\137\127\126\129\135\130\138\136\137\124\134\124\138\138\133\137\137\137\127\126\128\136\123\138\134\123\138\136\137\123\134\123\138\138\133\116\117\16\132\100\115\171\98\132\81\252\184\184\98\132\217\218\81\201\235\184\98\115\13\98\115\201\201\93\93\252\59\43\29\81\166\64\252\146\29\59\184\184\184\81\115\98\235\81\149\201\13\81\149\201\235\184\98\115\13\98\115\201\116\115\69\115\115\115\185\110\113\109\109\109\125\125\112\123\110\114\123\110\112\109\124\114\124\110\110\113\109\109\121\118\112\118\117\110\114\118\117\110\113\109\109\109\118\120\123\112\118\125\110\114\118\125\110\112\109\122\114\122\110\110\113\124\118\113\109\109\122\117\112\122\110\114\122\110\113\116\117\193\128\56\115\166\201\201\201\62\88\88\240\88\214\10\88\214\240\201\75\75\10\75\75\214\214\253\201\201\166\88\240\101\214\10\101\214\253\201\201\127\127\227\62\214\240\201\88\10\88\214\214\253\201\201\62\116\117\160\118\30\115\154\57\60\30\51\27\33\24\60\39\60\27\27\36\66\60\36\24\24\75\54\33\72\27\39\72\27\36\24\24\51\57\60\33\60\27\39\60\27\36\116\115\127\115\115\115\187\167\167\179\179\170\177\168\172\177\168\171\167\167\181\180\170\176\175\168\172\176\175\168\252\252\171\250\234\188\176\176\178\171\225\188\250\167\167\176\183\183\170\176\182\168\172\176\182\168\171\167\167\167\177\176\183\170\176\184\168\172\176\184\168\170\167\176\178\172\176\178\168\116\116\199\115\115\115\181\240\235\239\239\217\217\216\241\216\240\242\239\214\236\214\240\240\235\239\239\217\217\216\241\216\240\242\239\217\215\236\217\215\240\240\235\239\239\217\216\211\241\216\240\242\239\216\215\236\216\215\240\240\235\239\239\239\217\217\214\242\216\217\240\236\216\116\116\82\115\115\115\177\96\105\103\106\97\98\101\97\98\105\105\21\21\102\23\39\85\106\106\95\94\104\97\105\103\106\93\101\93\105\105\102\48\85\23\90\102\106\106\106\97\89\97\103\91\105\101\91\105\103\106\92\101\92\105\105\102\106\106\97\92\96\116\116\172\115\115\115\176\133\123\130\131\135\123\130\131\136\132\132\132\116\133\123\128\131\135\123\128\131\133\132\123\116\135\123\116\131\131\136\132\132\123\129\123\133\125\131\135\125\131\136\123\129\125\136\129\136\132\132\123\129\126\134\123\131\133\132\123\128\116\116\36\115\115\115\156\15\243\248\11\11\16\12\12\243\251\245\13\243\250\11\15\243\250\11\16\12\12\12\243\244\13\243\244\11\15\243\244\11\13\12\250\15\250\11\11\16\116\116\155\115\115\115\156\115\115\140\145\144\118\140\139\116\120\140\139\116\119\141\141\142\200\200\119\198\182\136\115\115\141\141\118\140\146\116\120\140\146\116\119\189\136\198\115\115\116\116\174\115\115\115\183\134\125\126\124\131\125\125\133\137\125\125\133\131\134\125\125\137\125\125\133\133\138\134\134\134\125\123\117\131\125\129\133\137\125\129\133\131\134\124\124\137\124\124\133\133\138\134\134\125\123\124\132\125\133\131\134\125\130\137\125\130\133\133\138\134\134\125\124\116\115\16\115\115\115\206\65\59\65\64\57\61\65\64\57\60\65\66\70\141\141\60\139\123\77\56\56\56\68\65\59\65\68\57\61\65\68\57\59\56\66\66\61\66\66\57\57\60\114\77\139\56\56\65\69\58\65\57\59\56\65\69\61\65\69\57\57\60\56\56\65\72\64\58\65\57\59\56\65\68\61\65\68\57\57\60\56\56\56\66\66\64\59\66\57\61\66\116\116\29\115\115\115\166\246\244\245\15\250\15\246\246\249\14\17\249\245\245\14\16\15\243\14\246\244\245\14\16\250\14\16\246\246\249\245\245\245\11\11\5\244\6\246\250\6\246\244\245\14\6\250\14\6\246\246\116\117\168\136\176\115\206\233\233\68\191\111\169\240\240\173\215\236\47\173\194\5\89\173\194\5\68\178\169\191\240\240\240\194\173\173\47\43\5\89\43\5\47\240\173\43\89\173\43\5\5\68\240\240\194\215\85\47\173\173\5\89\173\173\5\68\240\240\240\194\236\85\47\236\5\89\236\5\47\240\173\194\89\173\194\5\5\68\240\240\194\215\215\26\173\5\47\240\116\115\235\115\115\115\160\33\24\33\20\20\104\104\23\102\86\40\19\19\28\30\27\21\28\20\22\19\32\24\32\20\20\23\77\40\102\19\19\19\28\27\31\22\28\31\20\24\28\31\20\22\116\117\192\136\176\115\174\8\218\176\113\218\176\29\29\92\239\197\92\8\8\4\50\197\29\71\8\197\88\113\197\88\29\29\92\8\8\197\176\67\50\197\29\71\8\197\67\113\197\67\29\29\92\8\8\8\239\25\71\25\29\113\25\29\71\8\116\117\142\138\26\115\163\245\173\153\245\173\61\61\130\38\38\81\173\107\245\35\61\153\245\35\61\201\201\130\155\43\9\38\38\173\35\84\245\61\107\38\245\173\153\245\173\61\61\130\92\9\155\38\38\116\115\247\115\115\115\205\31\40\46\47\34\40\47\32\36\40\47\32\34\31\43\36\43\32\32\35\31\31\40\45\45\34\40\41\32\36\40\41\32\35\31\31\40\41\44\34\40\48\32\36\40\48\32\35\31\31\40\46\45\34\40\45\32\36\40\45\32\35\31\31\40\48\43\33\40\32\34\31\40\43\36\40\43\32\32\35\41\39\48\35\31\31\31\41\39\48\116\116\195\115\115\115\161\238\217\236\240\217\236\238\235\215\240\215\236\236\239\212\220\219\239\213\211\214\239\235\235\212\220\217\238\212\217\236\240\212\217\236\239\235\235\213\211\219\238\212\218\236\240\116\117\39\118\30\115\187\186\204\162\158\158\171\152\104\222\159\159\186\201\186\168\186\186\162\174\186\186\162\171\77\222\152\159\159\186\192\201\165\186\162\168\159\186\186\174\186\186\162\162\171\198\195\171\159\159\195\198\165\186\162\168\159\186\183\174\186\183\162\162\171\159\159\159\186\192\207\168\198\116\116\215\115\115\115\156\192\188\196\192\194\191\197\188\197\192\192\187\191\191\191\197\201\194\200\199\192\188\200\199\192\194\191\200\195\188\200\195\192\192\187\191\191\197\198\193\200\116\116\247\115\115\115\182\32\34\31\35\28\35\32\32\27\40\42\38\27\38\48\27\31\31\48\36\33\40\32\34\31\36\28\36\32\32\27\31\31\31\40\42\37\34\40\42\32\28\40\42\32\34\31\40\42\28\40\42\32\32\27\31\31\48\35\33\40\32\34\31\41\41\28\116\115\76\115\115\115\192\126\126\117\117\120\116\116\131\133\118\125\117\119\116\130\121\130\117\117\201\201\120\199\183\137\116\116\116\133\132\119\125\128\117\121\125\128\117\119\116\132\121\132\117\117\120\174\137\199\116\116\125\132\126\119\125\132\117\121\125\132\117\120\116\116\116\126\124\133\119\125\132\117\121\125\132\117\116\117\57\136\176\115\169\192\129\83\104\234\83\104\150\150\213\129\129\83\41\62\192\230\150\234\230\150\213\129\129\83\41\62\192\104\150\234\104\150\213\129\129\129\83\41\167\192\62\41\150\234\62\41\150\192\129\62\41\234\62\116\115\219\115\115\115\159\11\4\4\7\3\3\12\20\20\5\12\4\6\3\13\13\8\13\13\4\4\88\88\7\86\70\24\3\3\12\19\17\6\15\4\8\15\4\7\61\24\86\3\3\116\117\154\126\22\115\203\82\181\225\13\115\181\247\93\137\181\247\93\115\82\181\247\137\181\247\93\93\126\82\82\236\236\104\181\93\115\82\192\203\137\192\203\93\93\126\82\82\236\225\115\181\192\93\137\181\192\93\126\82\82\82\181\236\170\115\192\93\137\192\93\115\82\192\170\137\192\170\93\93\126\247\181\126\82\82\82\13\192\115\181\13\93\137\181\116\115\146\115\115\115\170\203\187\189\186\195\196\191\195\196\187\187\15\15\190\13\253\207\186\186\195\198\199\188\195\187\189\186\198\191\198\187\187\190\244\207\13\196\196\195\190\186\186\194\189\195\197\187\191\195\197\187\190\196\198\198\116\116\251\115\115\115\181\23\45\48\45\104\104\23\102\86\40\19\19\19\44\49\36\22\44\47\20\24\44\47\20\22\19\44\43\24\44\43\20\20\23\93\40\102\19\19\44\47\49\21\44\20\22\19\44\48\24\44\48\20\20\23\19\19\49\44\22\45\20\24\45\20\23\116\115\28\115\115\115\173\68\68\68\80\78\71\77\79\69\73\77\79\69\71\68\80\73\80\69\69\72\68\68\68\77\80\78\71\77\78\69\73\77\78\69\71\68\84\73\84\69\69\72\84\83\72\68\68\68\82\83\71\85\69\73\85\69\71\116\117\74\132\100\115\158\242\173\71\173\3\3\151\151\54\117\101\87\242\242\139\241\2\20\139\3\37\242\2\71\2\3\3\54\204\87\117\242\242\242\207\37\190\3\71\190\3\37\242\116\115\13\115\115\115\175\62\64\58\62\64\54\54\57\53\53\63\64\56\63\54\58\63\54\57\53\53\62\70\55\62\54\56\53\63\63\58\63\63\54\54\57\53\53\53\64\67\56\66\54\58\66\54\56\53\63\61\58\63\61\54\54\57\53\53\63\116\117\235\128\56\115\182\104\26\208\0\52\208\0\39\117\169\68\68\39\42\90\4\104\182\208\39\229\4\42\104\156\130\39\243\243\243\169\182\26\104\91\0\52\104\91\0\26\243\117\117\52\117\117\0\0\39\243\243\182\208\26\156\0\52\156\0\39\104\156\143\39\243\243\116\116\186\115\115\115\183\226\233\234\231\223\228\225\221\228\225\223\226\233\230\221\233\230\225\225\222\242\229\173\173\222\175\159\237\226\226\242\227\223\241\225\221\241\225\222\152\237\175\226\226\233\229\232\224\233\225\223\226\233\234\221\233\234\225\225\222\226\226\232\234\230\223\241\225\116\117\188\126\22\115\183\171\47\127\160\116\116\116\226\204\237\149\215\237\127\171\215\237\127\149\116\215\14\171\215\14\127\127\160\215\47\36\160\215\215\47\160\116\116\215\3\237\149\226\127\171\226\127\160\215\47\3\160\215\47\36\160\215\36\14\160\116\116\116\215\47\248\149\226\116\115\200\115\115\115\192\241\245\250\241\243\240\250\251\245\250\251\241\241\69\69\244\67\51\5\240\240\249\254\249\242\249\241\243\240\249\255\245\249\255\241\241\244\42\5\67\240\240\249\251\255\243\249\248\241\245\249\248\241\244\252\248\244\240\240\255\253\243\249\249\241\245\249\249\241\244\240\240\240\249\251\252\243\116\115\0\115\115\115\194\49\50\41\45\49\50\41\43\40\50\49\45\50\49\41\41\44\40\40\52\51\43\55\41\45\55\41\44\40\40\55\51\42\49\41\43\40\49\49\45\49\49\41\41\44\40\40\49\51\53\43\49\52\41\45\49\52\41\44\40\40\40\54\53\43\53\41\45\53\41\43\40\52\45\52\41\41\44\40\116\115\233\115\115\115\204\17\17\34\28\20\27\18\22\27\18\20\17\26\28\22\26\28\18\18\21\26\28\30\21\17\17\17\29\30\20\32\18\22\32\18\20\17\32\22\32\18\18\21\17\17\17\31\31\20\32\18\22\32\18\20\17\26\25\22\26\25\18\18\102\102\21\100\84\38\17\17\17\26\34\32\20\32\18\22\32\18\20\17\27\28\22\27\28\18\116\116\87\115\115\115\186\64\59\249\76\18\72\71\59\63\63\68\72\66\68\64\60\68\64\59\63\63\74\79\66\72\70\64\60\72\70\64\59\63\63\74\80\65\72\64\66\63\79\60\79\64\64\59\67\80\59\63\63\63\67\73\66\72\68\64\60\72\68\64\66\63\72\69\60\72\69\64\116\117\53\120\64\115\180\2\17\253\253\253\47\47\82\12\67\2\22\67\2\12\253\42\42\22\42\42\2\2\17\253\253\67\7\42\2\12\253\42\67\22\42\67\2\2\17\253\253\253\62\77\12\82\2\22\82\2\12\253\62\22\62\2\2\17\253\253\62\72\7\42\116\116\68\115\115\115\206\107\109\108\83\90\111\83\90\107\107\112\108\108\87\86\110\83\107\109\108\83\84\111\83\84\107\107\112\89\112\88\91\112\108\108\87\86\109\83\83\107\111\83\83\107\112\108\108\88\84\109\91\107\111\91\107\112\88\92\31\31\112\29\45\95\108\108\108\92\85\109\92\107\111\92\107\109\108\83\85\111\83\85\107\107\112\38\95\29\108\108\116\117\162\134\142\115\170\145\164\211\221\173\249\221\173\230\154\154\88\88\183\211\69\145\173\249\69\145\173\230\154\154\154\88\211\126\173\249\126\173\211\154\145\249\145\173\173\230\154\154\145\202\211\145\173\249\145\173\230\154\154\154\116\117\242\138\26\115\200\112\135\89\207\89\112\161\253\89\112\161\207\138\89\181\253\89\181\161\161\230\138\138\112\181\89\184\89\161\207\138\112\112\253\112\112\161\161\230\138\138\181\17\207\135\161\253\135\161\230\138\138\112\89\250\207\89\227\161\253\89\227\161\230\138\138\112\181\135\184\89\161\207\138\158\253\158\161\161\230\138\138\181\204\184\116\117\35\118\30\115\202\182\158\164\155\182\203\170\182\203\158\158\167\185\185\182\167\155\155\155\185\194\182\164\191\158\170\191\158\164\155\182\182\170\182\182\158\158\167\155\155\194\200\161\182\158\164\155\182\197\170\182\197\158\158\167\185\191\188\167\155\155\182\194\164\182\203\158\170\182\203\158\167\155\155\155\194\200\164\200\158\170\200\158\164\155\188\170\116\116\237\115\115\115\184\188\198\198\201\197\197\197\187\187\188\196\190\192\198\202\190\192\198\196\197\190\189\202\190\189\198\198\201\197\197\187\193\193\195\190\198\196\197\191\202\191\198\198\122\122\201\116\132\186\197\197\197\191\190\196\182\198\202\182\198\196\197\190\193\202\190\193\198\198\116\116\168\115\115\115\201\140\202\123\193\144\144\119\116\115\145\119\117\143\139\119\117\143\140\144\144\144\119\117\115\145\119\120\143\139\119\120\143\145\144\122\122\139\122\122\143\143\140\144\144\119\115\128\146\119\143\145\144\119\116\139\119\116\143\143\140\144\144\119\117\119\145\119\116\143\139\119\116\143\140\144\144\119\117\118\145\121\143\139\121\143\140\116\117\13\136\176\115\168\85\85\85\18\144\60\148\18\253\106\190\18\253\106\148\85\39\60\190\39\60\106\106\169\85\85\85\18\102\165\148\18\81\106\190\18\81\106\148\85\123\190\123\106\106\169\85\85\85\18\144\102\148\116\117\228\128\56\115\193\97\201\249\45\97\201\249\19\236\97\97\45\97\97\249\249\32\236\236\97\162\110\6\97\249\19\236\110\84\45\110\84\249\249\32\236\236\97\175\97\6\97\249\19\236\110\110\45\110\110\249\249\32\236\236\97\162\84\6\97\249\19\236\97\123\45\97\123\249\249\32\97\188\110\61\61\32\35\116\117\140\134\142\115\152\125\19\132\132\104\104\189\180\151\227\180\151\208\210\19\173\132\132\66\47\170\47\151\189\132\180\227\180\151\151\208\132\132\132\47\161\66\116\116\71\115\115\115\152\114\88\87\112\108\88\87\112\114\111\89\89\108\89\89\112\112\107\111\111\111\88\95\86\114\89\112\108\89\112\114\111\90\108\90\112\112\116\115\193\115\115\115\173\237\233\233\242\249\235\242\234\236\233\243\244\238\243\244\234\234\237\233\233\242\250\247\235\242\234\236\233\242\241\238\242\241\234\234\237\233\233\233\242\249\247\236\249\234\238\249\234\236\233\247\238\247\234\234\237\233\233\116\116\49\115\115\115\169\2\252\8\251\10\6\251\10\5\9\9\9\255\0\1\8\253\10\6\253\10\8\9\254\6\254\10\10\5\9\9\255\2\1\7\2\10\8\9\2\250\6\2\250\10\10\54\54\5\56\72\246\9\9\116\116\66\115\115\115\165\90\108\111\87\113\112\89\85\113\112\89\87\90\113\109\85\113\109\89\89\86\32\101\39\90\90\90\113\111\109\87\113\112\89\85\113\112\89\87\90\113\112\85\113\112\89\89\86\113\108\116\115\52\115\115\115\175\108\96\92\92\92\101\107\109\95\101\105\93\97\101\105\93\95\92\105\97\105\93\93\96\92\92\101\106\101\94\101\93\95\92\102\103\97\102\103\93\93\96\92\92\101\107\104\95\107\93\97\107\93\96\101\108\103\96\109\105\116\117\240\122\42\115\169\36\8\8\71\85\64\29\71\120\15\43\71\120\15\36\8\8\8\71\113\92\29\71\85\15\43\71\85\15\29\8\85\43\85\15\15\36\8\8\8\71\113\71\29\99\15\43\99\15\29\8\71\99\43\116\115\82\115\115\115\158\131\135\123\123\126\122\122\131\137\134\125\135\123\127\135\123\126\122\122\131\137\137\125\131\137\123\127\131\137\123\207\207\126\205\189\143\122\122\122\131\138\136\125\116\115\158\115\115\115\202\215\199\203\215\199\201\198\207\210\203\207\210\199\199\202\0\219\25\207\212\207\202\198\198\215\208\200\207\199\201\198\207\209\203\207\209\199\199\202\198\198\198\207\206\212\201\209\199\203\209\199\201\198\207\208\203\207\208\199\199\202\198\198\207\212\206\201\213\199\203\213\199\202\198\198\213\212\201\210\199\203\210\199\202\198\198\214\116\117\134\132\100\115\193\62\97\199\79\63\131\199\79\63\114\199\28\199\114\46\46\62\11\80\199\63\97\46\62\131\62\63\63\114\46\46\45\28\80\199\63\97\46\45\131\45\63\63\114\46\46\199\28\233\97\199\62\63\131\199\62\63\114\46\46\79\216\80\199\63\97\46\199\45\131\199\45\63\63\114\46\46\62\116\117\196\122\42\115\175\62\234\27\227\241\220\27\41\255\27\41\227\227\248\220\220\220\27\62\34\241\62\227\255\62\227\241\220\27\41\255\27\41\227\227\248\62\69\248\220\220\220\27\20\76\241\76\227\255\76\227\241\220\83\255\83\227\227\47\47\116\116\15\115\115\115\177\35\90\106\20\39\39\30\30\42\33\40\36\33\40\35\113\20\90\39\39\32\27\34\42\32\32\40\36\32\32\40\35\39\39\39\32\23\28\42\33\40\36\33\40\42\39\32\24\36\32\24\40\40\35\32\23\23\35\39\39\32\30\116\115\162\115\115\115\192\216\204\211\203\205\202\211\210\207\211\210\203\203\206\202\202\211\218\214\205\211\219\203\207\211\219\203\206\202\202\211\210\219\204\211\203\205\202\218\207\218\203\203\206\202\202\211\215\214\204\211\203\205\202\218\207\218\203\203\206\202\202\202\211\218\218\205\211\212\203\207\211\212\203\205\202\211\116\116\188\115\115\115\200\242\215\235\242\211\211\216\212\212\235\241\241\214\235\211\213\212\238\236\215\238\236\211\211\216\212\212\235\241\228\213\235\227\211\215\235\227\211\167\167\216\165\149\231\235\238\235\216\158\231\165\212\212\212\227\239\213\235\227\211\215\235\227\211\213\212\235\242\215\235\242\211\211\216\212\212\238\239\214\235\211\213\212\238\237\116\117\230\128\56\115\202\47\112\125\251\251\34\238\238\151\125\8\99\251\21\238\112\99\47\112\99\251\251\34\203\151\34\238\238\151\8\99\251\21\238\99\203\47\99\203\251\251\34\112\164\34\238\238\203\151\8\99\251\21\238\112\86\47\112\86\251\251\34\125\125\34\238\238\112\164\21\99\151\251\47\99\151\251\34\238\238\203\138\8\99\251\21\238\116\115\255\115\115\115\186\48\52\44\48\52\40\40\43\39\39\52\50\41\48\40\42\39\49\49\44\49\49\40\40\43\39\39\39\55\42\56\40\44\56\40\42\39\48\56\44\48\56\40\40\124\124\43\122\106\60\39\39\50\41\48\40\42\39\51\44\51\40\40\43\97\60\122\39\39\54\52\116\116\27\115\115\115\197\245\12\244\246\243\12\4\248\12\4\244\244\247\243\243\243\12\11\3\246\3\244\248\3\244\246\243\12\12\248\12\12\244\244\247\243\243\12\12\4\246\12\13\244\248\12\13\244\247\12\11\12\247\243\243\12\12\15\246\14\244\248\14\244\247\243\243\12\13\14\246\12\3\244\248\12\3\244\247\243\243\14\116\116\240\115\115\115\171\187\201\191\184\199\195\191\184\199\196\200\200\200\184\190\201\191\189\199\195\191\189\199\201\200\183\195\183\199\199\196\200\200\200\191\192\188\201\193\199\195\193\199\201\200\190\195\190\199\199\196\200\200\200\191\191\116\117\10\138\26\115\180\41\231\182\185\21\182\185\231\162\113\159\21\113\159\185\185\254\162\162\162\113\113\41\231\113\113\185\21\113\113\185\231\162\136\90\21\136\90\185\185\254\162\162\162\113\90\18\231\113\251\185\21\113\251\185\231\162\113\205\21\113\205\185\185\254\116\117\235\122\42\115\193\3\3\3\66\66\80\24\122\10\38\122\10\24\3\73\59\38\73\59\10\10\31\3\3\66\59\101\17\66\10\24\3\66\87\38\66\87\10\10\31\3\3\3\66\66\115\24\101\10\38\101\10\24\3\66\122\38\66\122\10\10\86\86\31\72\216\150\66\101\87\31\153\150\72\3\3\66\80\116\117\145\136\176\115\184\62\3\150\238\24\217\171\150\66\171\150\238\238\45\217\217\20\129\24\192\238\66\192\238\45\217\217\41\213\3\150\238\24\217\41\66\41\238\238\45\217\217\150\192\41\24\41\238\66\41\238\45\217\217\217\234\213\24\255\238\66\255\238\24\217\171\150\66\171\116\115\52\115\115\115\156\101\93\93\96\92\92\106\106\94\101\93\95\92\105\97\105\93\93\96\92\92\92\101\103\109\95\101\107\93\97\101\107\93\95\92\101\101\97\101\101\93\116\117\151\120\64\115\185\100\115\95\95\165\150\105\140\100\110\95\140\135\120\140\135\100\100\115\160\155\115\140\155\135\115\95\95\175\145\105\140\100\110\95\140\140\120\140\140\100\100\115\95\95\95\180\175\110\140\150\100\120\140\150\100\110\95\140\170\120\140\170\100\100\115\95\95\140\150\116\116\138\115\115\115\192\161\175\150\177\173\150\177\174\178\178\178\161\147\175\152\177\173\152\177\175\178\149\173\149\177\177\174\178\178\162\152\176\153\177\175\178\152\153\173\152\153\177\177\221\221\174\223\239\157\178\178\153\147\154\176\153\177\175\178\162\173\162\177\177\174\232\157\223\178\178\152\149\151\176\153\177\175\116\115\214\115\115\115\152\254\15\3\15\255\255\2\254\254\7\15\1\7\14\255\3\7\14\255\2\254\254\254\9\12\1\14\255\3\14\255\1\254\7\10\3\7\116\117\213\138\26\115\188\129\132\132\201\109\109\60\152\178\244\132\224\244\132\16\16\201\226\114\80\109\109\109\106\244\178\129\132\224\129\132\178\109\83\37\224\83\37\132\132\201\163\80\226\109\109\109\60\83\178\60\221\132\224\60\221\132\178\109\198\224\198\132\132\201\109\109\109\83\37\106\178\83\116\115\218\115\115\115\180\3\7\12\3\5\2\11\19\7\11\19\3\3\6\2\2\12\10\16\5\11\12\3\7\11\12\3\6\2\2\11\12\4\11\3\5\2\12\13\7\12\13\3\3\6\2\2\12\11\15\4\11\3\5\2\12\10\7\12\10\3\3\6\2\2\116\117\25\126\22\115\186\209\52\129\63\242\85\220\8\85\220\242\209\52\85\8\52\85\220\220\120\120\253\98\178\184\209\209\52\118\85\242\118\220\8\118\220\253\79\184\98\209\209\63\96\74\242\85\220\8\85\220\253\209\209\209\63\41\242\52\96\220\8\52\96\220\242\209\96\8\96\220\116\117\36\136\176\115\183\129\192\108\108\62\20\150\41\129\171\108\83\213\83\129\129\192\108\108\83\83\150\41\129\171\108\62\83\213\62\83\129\129\192\41\209\192\108\108\83\104\150\41\129\171\108\41\104\213\41\104\129\129\192\108\108\62\20\146\150\41\129\171\108\62\20\213\62\116\115\2\115\115\115\177\50\43\43\46\42\42\52\51\54\45\53\43\47\53\43\46\42\42\42\58\45\53\43\47\53\43\45\42\53\47\53\43\43\46\42\42\52\51\55\44\51\43\45\42\51\55\47\51\55\43\43\127\127\46\125\109\63\42\42\52\56\45\116\117\7\120\64\115\166\31\212\232\31\212\227\241\56\110\207\207\252\252\21\222\252\252\212\232\252\252\212\227\207\207\207\1\222\21\212\232\21\212\222\207\252\252\232\252\252\212\212\227\1\252\16\227\207\207\1\247\116\117\254\132\100\115\170\148\200\63\183\217\166\63\199\251\63\199\183\183\234\166\166\80\131\131\217\63\165\183\251\63\165\183\234\166\166\63\131\131\200\63\183\217\166\63\80\251\63\80\183\183\234\166\166\63\148\199\217\63\63\183\116\116\185\115\115\115\167\222\234\234\226\221\225\225\234\224\232\226\222\232\226\221\225\225\234\242\232\224\229\226\222\229\226\221\225\225\225\231\234\232\224\231\226\222\231\226\224\225\231\234\222\231\234\226\226\174\174\221\176\116\116\189\115\115\115\152\148\234\213\213\236\240\212\241\214\218\241\214\217\155\234\164\213\213\238\237\242\212\239\214\218\239\214\217\213\213\238\242\241\212\238\237\214\116\117\165\138\26\115\177\176\12\245\84\153\61\61\61\12\104\12\130\12\12\84\176\12\12\84\130\61\150\176\150\84\84\153\61\61\12\58\81\130\12\104\84\176\12\104\84\153\61\61\61\12\104\58\130\12\173\84\176\12\173\84\130\61\35\35\176\35\35\116\116\151\115\115\115\161\128\128\123\127\127\136\131\137\130\136\131\128\124\136\131\128\123\136\131\143\123\136\131\134\204\204\123\210\194\140\127\127\136\138\133\130\143\128\124\143\128\123\185\140\210\127\116\115\215\115\115\115\168\255\255\8\8\7\2\8\16\0\4\8\16\0\2\255\14\4\14\0\0\3\255\255\9\7\2\8\11\0\4\8\11\0\3\255\255\16\2\11\0\4\11\0\3\255\255\8\8\8\2\8\14\0\116\117\28\118\30\115\194\163\175\193\151\160\190\193\160\187\181\160\148\148\148\175\175\172\157\193\151\163\193\151\157\148\175\172\163\175\172\151\151\160\148\148\181\175\154\175\151\157\148\175\178\163\175\178\151\151\160\148\148\190\178\154\175\151\157\148\190\163\190\151\151\160\175\175\181\160\148\148\181\175\157\181\151\163\181\151\116\117\3\138\26\115\193\247\221\83\62\62\247\16\160\126\155\155\106\129\83\201\106\178\224\155\106\83\14\106\83\178\178\247\209\126\16\155\155\155\106\34\221\224\106\244\178\14\106\244\178\224\155\129\152\14\129\152\178\178\247\155\155\129\152\106\201\106\178\224\155\11\14\11\178\178\247\155\155\155\129\152\106\224\11\116\116\127\115\115\115\185\152\148\167\152\154\151\176\178\148\176\178\152\152\147\151\151\151\177\178\177\154\176\178\152\148\176\178\152\154\151\168\148\168\152\152\147\176\172\177\147\151\151\151\177\175\178\154\167\152\148\167\152\154\151\176\176\148\176\176\152\152\147\151\151\177\177\176\154\176\173\116\116\65\115\115\115\158\90\86\114\107\90\85\89\89\89\111\112\107\88\114\105\90\86\114\105\90\88\89\114\109\86\114\109\90\90\85\111\112\107\85\89\89\111\111\110\88\114\113\90\116\117\199\132\100\115\183\196\8\247\128\179\25\42\247\179\25\25\42\179\111\111\111\25\42\76\162\8\25\128\196\8\25\128\162\111\8\42\196\8\42\128\128\20\20\179\242\226\212\111\111\8\93\59\162\8\42\128\196\8\42\128\179\73\212\242\111\111\111\8\42\110\162\8\247\116\115\237\115\115\115\198\22\26\30\29\22\24\21\30\29\26\30\29\22\22\25\21\21\21\38\37\24\37\22\26\37\22\24\21\37\26\37\22\22\25\21\21\21\36\37\24\36\22\26\36\22\24\21\30\31\26\30\31\22\22\25\21\21\30\32\38\23\30\22\24\21\35\26\35\22\22\25\21\21\21\34\29\24\38\22\26\38\22\24\116\117\178\128\56\115\159\186\47\151\251\47\151\199\199\238\186\186\186\138\73\225\47\99\199\251\47\99\199\225\186\151\251\151\199\199\238\186\186\186\47\86\34\225\47\47\199\251\47\47\199\116\116\174\115\115\115\155\131\134\124\124\137\124\124\133\133\138\134\134\134\118\124\131\125\124\133\137\125\124\133\131\134\125\125\137\125\125\133\133\138\117\118\138\134\134\134\125\116\117\137\126\22\115\197\186\252\98\164\197\76\120\164\197\76\98\65\197\120\197\76\76\109\252\230\109\65\65\241\175\87\164\76\98\65\164\208\120\164\208\76\76\232\232\109\210\34\40\65\65\208\153\87\164\76\98\65\164\219\120\164\219\76\76\109\191\40\210\65\65\65\164\164\252\98\164\241\76\120\164\241\76\98\65\164\252\120\116\115\254\115\115\115\175\47\55\39\39\42\38\38\47\52\46\40\47\39\41\38\47\54\43\47\54\39\39\42\38\38\38\47\50\53\41\52\39\43\52\39\41\38\48\49\43\48\49\39\39\42\38\38\47\50\54\40\47\39\41\38\47\54\43\47\54\116\116\200\115\115\115\194\239\239\236\240\240\215\211\224\241\215\213\239\235\215\213\239\236\240\240\240\215\211\215\241\218\239\235\218\239\241\240\215\211\235\215\211\239\239\236\240\240\224\218\242\215\239\241\240\218\218\235\218\218\239\239\236\240\240\240\215\218\214\241\223\239\235\223\239\241\240\214\235\214\239\239\236\240\240\215\116\116\4\115\115\115\161\26\19\45\19\26\43\47\19\26\43\48\44\44\19\26\19\46\19\43\45\44\19\27\47\19\27\43\43\48\44\44\19\26\22\46\19\43\45\44\22\22\47\22\22\43\43\116\115\178\115\115\115\178\222\218\218\234\228\221\227\227\219\223\227\227\219\222\218\218\218\227\227\232\221\227\228\219\223\227\228\219\221\218\227\232\223\227\232\219\219\222\218\218\227\231\234\221\227\233\219\223\227\233\219\222\218\218\218\227\232\227\221\227\230\219\223\116\115\21\115\115\115\191\70\73\62\64\61\75\66\75\62\62\65\61\61\70\73\78\63\70\62\64\61\70\76\66\70\76\62\62\65\61\61\61\70\74\76\64\74\62\66\74\62\64\61\78\66\78\62\62\146\146\65\144\128\82\61\61\70\77\74\64\70\78\62\66\70\78\62\65\119\82\144\61\61\70\74\77\116\116\159\115\115\115\154\121\144\120\122\119\144\146\116\144\146\120\120\115\142\146\115\119\119\144\143\139\122\141\120\116\141\120\115\119\119\119\144\141\143\122\144\145\120\116\116\115\249\115\115\115\155\42\43\34\36\33\42\50\38\42\50\34\34\37\33\33\48\48\36\50\34\38\50\34\37\33\33\50\48\35\42\34\36\33\50\38\50\34\34\37\33\116\115\255\115\115\115\182\39\48\52\55\41\48\40\42\39\55\44\55\40\40\43\39\39\55\52\41\48\40\42\39\48\47\44\48\47\40\40\43\39\39\39\53\50\42\48\54\40\44\48\54\40\42\39\50\44\50\40\40\43\39\39\48\52\56\41\48\40\42\39\48\50\44\48\116\116\78\115\115\115\155\91\101\101\106\86\85\106\102\102\102\93\93\95\99\98\101\105\98\101\99\102\93\98\105\93\98\101\101\106\102\102\102\93\97\85\99\96\101\105\96\116\115\21\115\115\115\200\62\64\61\70\71\66\70\71\62\62\65\61\61\61\75\78\64\73\62\66\73\62\64\61\70\72\66\70\72\62\62\65\61\61\78\69\63\70\62\64\61\70\73\66\70\73\62\62\146\146\65\144\128\82\61\61\70\76\75\63\70\62\64\61\77\66\77\62\62\65\119\82\144\61\61\61\71\74\71\64\77\62\66\77\62\116\115\125\115\115\115\192\168\165\174\173\170\174\173\166\166\169\165\165\165\176\174\168\174\177\166\170\174\177\166\168\165\178\170\178\166\166\169\165\165\176\174\167\174\166\168\165\174\178\170\174\178\166\166\169\165\165\165\176\175\168\174\182\166\170\174\182\166\168\165\182\170\182\166\166\169\165\165\175\173\181\168\174\175\116\115\145\115\115\115\173\186\190\194\195\186\189\185\185\185\195\197\196\188\194\194\186\190\194\194\186\188\185\195\193\190\195\193\186\186\189\185\185\185\196\194\188\194\196\186\190\194\196\186\188\185\194\202\190\194\202\186\186\189\185\185\185\195\201\116\116\42\115\115\115\156\15\2\17\13\2\17\15\18\249\248\13\249\248\17\17\14\18\18\247\249\16\249\17\15\18\248\248\13\248\248\17\17\14\247\246\61\61\14\63\79\253\116\116\162\115\115\115\197\122\122\145\144\140\119\145\141\121\117\145\141\121\118\192\133\199\122\122\122\145\146\143\119\145\144\121\117\145\144\121\119\122\145\140\117\145\140\121\121\118\122\122\143\144\119\145\137\121\117\145\137\121\118\122\122\122\144\140\119\145\146\121\117\145\146\121\119\122\145\140\117\145\140\121\121\118\122\122\122\145\146\116\115\27\115\115\115\204\77\70\76\78\68\72\76\78\68\70\67\77\77\72\77\77\68\68\71\67\67\82\69\76\68\70\67\78\72\78\68\68\71\67\67\79\83\69\76\68\70\67\83\72\83\68\68\152\152\71\150\134\88\67\67\67\79\80\70\78\68\72\78\68\70\67\78\72\78\68\68\71\125\88\150\67\67\76\77\83\70\76\78\68\72\76\78\68\71\116\115\186\115\115\115\203\226\226\226\235\238\243\229\239\227\231\239\227\229\226\242\231\242\227\227\230\226\226\226\235\239\240\229\242\227\231\242\227\229\226\235\234\231\235\234\227\227\230\226\226\235\240\238\229\243\227\231\243\227\230\226\226\241\241\229\235\243\227\231\235\243\227\230\226\226\235\236\241\229\237\227\231\237\227\230\226\226\226\235\238\236\229\235\236\116\116\4\115\115\115\177\43\47\19\22\43\45\44\25\47\25\43\43\48\44\44\19\23\23\45\19\25\43\47\19\25\43\48\44\44\19\24\28\45\19\19\43\47\19\19\43\48\19\24\26\48\44\44\25\25\46\19\43\45\44\19\27\47\19\27\43\43\48\116\116\227\115\115\115\203\203\203\203\180\182\180\206\180\183\204\208\180\183\204\206\203\180\184\208\180\184\204\204\207\203\203\180\184\179\205\180\204\206\203\181\180\208\181\180\204\204\207\203\203\180\185\179\206\187\204\208\187\204\207\203\203\203\180\185\181\206\185\204\208\185\204\206\203\180\188\208\180\188\204\204\207\203\203\203\180\183\181\206\180\187\204\208\180\116\116\57\115\115\115\204\113\98\96\97\114\94\114\98\98\93\97\97\97\106\102\104\96\106\114\98\94\106\114\98\96\97\102\94\102\98\98\46\46\93\48\32\110\97\97\100\103\96\106\113\98\94\106\113\98\93\23\110\48\97\97\101\99\95\106\98\96\97\99\94\99\98\98\93\97\97\103\103\101\96\106\100\98\94\106\100\98\93\97\97\99\96\104\98\94\116\116\145\115\115\115\181\160\170\165\169\169\157\156\168\154\170\166\154\170\165\169\169\159\160\155\168\160\170\166\160\170\165\169\169\159\168\156\170\166\156\170\165\169\169\157\153\168\155\170\166\155\170\165\169\169\169\159\162\159\168\158\170\166\158\170\168\169\154\166\154\170\170\116\117\69\132\100\115\175\49\237\237\237\151\117\168\32\134\185\254\66\134\185\254\32\237\134\117\66\134\117\254\254\49\237\237\185\202\32\134\202\254\66\134\202\254\49\237\237\151\151\236\32\185\254\66\185\254\49\237\237\151\202\151\32\134\185\254\66\116\117\159\132\100\115\181\224\19\88\139\71\71\19\36\122\224\241\88\156\224\241\88\139\71\71\241\224\36\105\224\88\122\71\224\53\156\224\53\88\88\139\71\71\71\241\19\70\122\224\36\88\156\224\36\88\122\71\224\53\156\224\53\88\88\139\71\71\71\19\87\122\224\116\115\188\115\115\115\174\239\229\233\237\239\229\231\228\237\239\233\237\239\229\229\232\238\239\245\232\228\228\238\236\242\231\241\229\233\241\229\232\228\228\240\241\230\237\229\231\228\239\233\239\229\229\232\228\228\238\237\238\231\242\229\233\242\229\232\116\115\239\115\115\115\179\23\23\33\33\33\26\32\36\24\28\32\36\24\108\108\27\106\90\44\23\23\32\37\33\26\32\35\24\28\32\35\24\27\81\44\106\23\23\33\35\37\25\32\24\26\23\39\28\39\24\24\27\23\23\33\31\26\32\37\24\28\32\37\24\116\117\213\122\42\115\171\9\44\44\9\237\237\100\2\44\72\244\16\44\72\244\9\237\237\237\100\2\44\72\244\16\44\72\244\2\237\100\16\100\244\244\9\237\237\237\86\2\44\86\244\16\44\86\244\2\237\44\37\16\44\37\244\116\115\162\115\115\115\152\203\206\202\202\212\210\204\211\203\205\202\218\207\218\203\203\206\202\202\211\219\214\204\211\203\205\202\211\215\207\211\215\203\203\206\202\202\116\115\235\115\115\115\169\29\30\27\22\35\20\24\35\20\23\19\19\19\28\28\22\34\20\24\34\20\22\19\28\32\24\28\32\20\20\23\19\19\29\28\21\28\20\22\19\36\24\36\20\20\23\19\19\29\29\22\31\20\24\116\116\169\115\115\115\161\117\146\141\145\145\120\144\122\122\146\142\122\122\146\141\145\145\122\115\144\120\146\142\120\146\141\145\145\145\118\144\122\117\146\142\122\117\146\144\145\115\142\115\146\146\141\116\117\29\122\42\115\176\158\136\136\81\122\10\200\53\53\123\116\74\116\144\60\88\116\144\60\81\203\200\122\53\53\53\123\144\130\74\130\60\88\130\60\74\53\116\158\88\116\158\60\60\81\116\165\165\81\53\53\116\165\158\67\116\60\74\53\116\165\116\115\69\115\115\115\167\114\118\125\110\110\113\109\109\119\122\117\111\118\110\112\109\118\118\114\118\118\110\110\113\109\109\118\123\121\111\118\110\112\109\121\114\121\110\110\113\109\109\118\123\123\112\119\110\114\119\110\113\116\117\24\134\142\115\206\206\7\225\92\16\16\206\168\244\54\187\35\73\16\225\111\225\35\35\92\16\16\16\187\45\64\73\7\35\111\7\35\73\16\187\7\111\187\7\35\35\92\16\16\206\7\206\54\187\35\73\16\45\111\45\35\35\92\187\64\45\92\16\16\206\168\64\73\64\35\111\64\35\95\95\92\57\9\159\187\225\64\92\94\159\57\16\16\16\206\168\116\115\149\115\115\115\175\205\192\200\190\194\200\190\192\189\199\200\194\199\200\190\190\193\199\200\202\193\189\189\199\200\204\191\198\190\192\189\198\206\194\198\206\190\190\193\189\189\199\201\200\191\198\190\192\189\198\204\194\198\204\190\190\193\199\201\205\116\115\12\115\115\115\195\56\52\52\62\64\61\54\61\53\55\52\66\57\66\53\53\56\52\52\61\67\60\54\61\53\55\52\61\61\57\61\61\53\53\56\52\52\52\62\61\65\55\61\63\53\57\61\63\53\55\52\62\60\57\62\60\53\53\56\52\52\62\64\69\55\61\66\53\57\61\66\53\56\52\52\62\63\68\54\61\116\117\27\134\142\115\184\38\76\19\190\29\114\190\29\38\38\95\209\228\86\98\98\95\60\12\162\19\19\67\171\76\190\86\38\114\190\86\38\95\97\162\60\19\19\10\247\76\86\38\114\86\38\95\19\19\209\228\29\76\190\86\38\114\190\86\38\95\209\228\48\95\10\228\95\209\116\115\125\115\115\115\167\175\177\169\165\165\175\175\178\168\181\166\170\181\166\169\165\165\178\177\167\174\166\168\165\182\170\182\166\166\169\165\165\165\175\177\181\168\175\166\170\175\166\168\165\174\177\170\174\177\166\166\169\116\116\62\115\115\115\204\86\86\108\114\109\84\109\85\83\86\101\89\101\85\85\90\86\86\86\113\107\83\102\85\89\102\85\83\86\112\89\112\85\85\90\86\86\109\108\84\109\85\83\86\112\89\112\85\85\90\86\86\86\108\108\107\83\109\114\85\89\109\114\85\83\86\109\112\89\109\112\85\85\41\41\90\35\19\105\86\86\108\102\83\101\85\89\101\85\116\117\181\118\30\115\180\57\219\108\38\45\45\72\69\87\51\72\48\54\45\72\84\60\72\84\48\48\57\45\45\45\72\78\96\54\72\90\48\60\72\90\48\54\45\96\60\96\48\48\57\72\81\75\57\72\78\90\57\45\45\72\75\84\51\72\48\54\45\81\60\81\116\117\78\138\26\115\180\253\253\66\230\230\181\227\40\43\63\253\89\63\253\137\137\66\91\235\201\230\230\181\109\227\43\181\227\253\89\181\227\253\66\28\201\91\230\230\181\40\63\43\181\181\253\89\181\181\253\66\230\230\109\158\43\181\181\253\89\181\181\253\66\230\116\117\41\138\26\115\192\193\144\144\144\6\144\72\216\52\144\72\216\29\193\193\144\26\121\239\144\216\6\193\144\121\52\144\121\216\216\29\193\193\3\236\239\144\216\6\193\236\52\236\216\216\29\193\193\193\72\144\6\236\216\52\236\216\6\193\167\190\52\167\190\216\216\100\100\29\54\198\164\193\193\144\72\167\116\117\250\122\42\115\183\32\81\25\39\18\81\88\53\81\88\25\25\46\168\165\87\18\18\18\116\39\130\25\53\130\25\39\18\123\53\123\25\25\46\18\18\95\95\39\81\88\25\53\81\88\25\46\95\109\46\18\18\102\81\39\95\25\53\95\25\46\18\18\102\116\39\81\88\116\115\189\115\115\115\192\230\234\238\239\230\233\229\229\229\240\246\232\238\244\230\234\238\244\230\232\229\238\244\234\238\244\230\230\233\229\229\229\239\239\241\232\238\239\230\234\238\239\230\232\229\245\234\245\230\230\233\229\229\240\232\238\238\230\234\238\238\230\233\229\229\241\237\232\238\244\230\234\238\244\230\233\229\116\117\65\122\42\115\192\89\166\194\110\152\180\96\124\152\180\96\117\89\89\89\166\180\110\152\180\96\124\152\180\96\110\89\152\194\124\152\194\96\96\117\89\89\173\166\110\187\96\124\187\96\172\172\117\158\46\236\89\89\89\201\208\110\187\96\124\187\96\110\89\152\201\124\152\201\96\96\117\239\236\158\89\89\116\115\28\115\115\115\182\68\82\79\71\77\79\69\73\77\79\69\71\68\77\79\73\77\79\69\69\72\68\68\78\80\81\71\83\69\73\83\69\72\68\68\78\80\82\71\77\78\69\73\77\78\69\72\68\68\82\78\71\77\76\69\73\77\76\69\72\68\68\78\79\79\71\77\116\117\193\136\176\115\197\198\30\114\198\198\30\93\9\9\219\240\5\51\198\30\72\9\198\110\114\198\110\30\30\93\47\240\93\9\9\9\219\26\219\72\198\5\30\114\198\5\30\72\9\198\177\114\198\177\30\30\93\9\9\219\198\68\72\198\177\30\114\198\177\30\93\9\9\47\240\72\240\30\114\240\30\93\9\9\198\5\72\116\117\162\120\64\115\180\161\111\131\161\111\126\156\156\186\19\19\126\9\185\211\106\106\106\166\171\121\156\111\131\156\111\121\106\151\166\131\151\166\111\111\126\140\211\9\106\106\106\151\151\146\121\151\176\111\131\151\176\111\121\106\166\131\166\111\111\126\151\171\171\126\116\116\13\115\115\115\203\37\37\30\33\21\36\21\38\42\21\38\41\37\37\30\34\28\35\30\38\36\37\30\29\42\30\29\38\38\41\37\37\37\30\33\31\36\30\29\38\42\30\29\38\36\37\27\30\42\27\30\38\38\41\37\37\37\32\32\36\30\30\38\42\30\30\38\36\37\21\42\21\38\38\41\37\37\30\27\21\36\30\21\38\42\30\21\38\116\115\221\115\115\115\189\9\5\5\14\17\19\8\14\15\6\10\14\15\6\9\5\5\14\19\14\7\14\6\8\5\14\20\10\14\20\6\6\9\5\5\14\19\14\8\14\13\6\10\14\13\6\9\5\5\5\14\18\13\8\14\17\6\10\14\17\6\8\5\14\22\10\14\22\6\6\9\5\5\14\116\117\228\122\42\115\202\87\87\17\59\52\3\31\59\52\3\24\252\252\59\80\108\10\59\3\17\252\87\31\87\3\3\24\252\252\59\94\52\17\108\3\31\108\3\79\79\24\65\209\143\252\252\80\10\59\3\17\252\59\108\31\59\108\3\3\24\146\143\65\66\73\94\24\252\252\59\101\59\17\115\3\31\115\3\24\252\252\59\87\52\17\59\115\116\116\6\115\115\115\189\45\49\21\29\45\50\46\46\20\19\19\44\21\45\43\46\21\30\49\21\30\45\45\50\46\46\21\29\22\43\21\25\45\49\21\25\45\50\46\46\21\23\22\43\24\45\49\24\45\50\46\46\46\20\19\24\43\29\45\49\29\45\43\46\20\22\49\20\22\45\45\50\46\46\116\115\27\115\115\115\186\67\76\82\83\70\76\83\68\72\76\83\68\70\67\76\81\72\76\81\68\68\71\67\67\76\84\79\70\76\77\68\72\76\77\68\71\67\67\77\78\80\70\78\68\72\78\68\71\67\67\76\84\78\69\76\68\70\67\77\78\72\77\78\68\68\71\67\67\76\82\83\116\115\45\115\115\115\157\87\94\86\88\85\94\100\90\94\100\86\86\170\170\89\168\152\106\85\85\85\94\96\102\88\100\86\90\100\86\88\85\95\93\90\95\93\86\86\89\143\106\116\115\229\115\115\115\190\96\13\13\13\23\21\29\16\28\14\18\28\14\16\13\22\30\18\22\30\14\14\17\13\13\13\23\25\30\16\27\14\18\27\14\16\13\22\21\18\22\21\14\14\17\23\24\27\17\13\13\23\24\28\16\22\25\14\18\22\25\14\17\23\25\28\17\13\13\23\25\21\16\22\25\116\117\63\134\142\115\173\74\150\226\27\74\131\55\55\226\84\226\112\103\74\150\103\74\131\55\55\245\207\27\93\226\74\112\55\226\207\150\226\207\74\74\131\245\27\122\131\55\55\55\245\27\245\112\226\245\74\150\226\245\74\112\55\245\245\116\116\53\115\115\115\184\98\99\99\94\94\97\93\93\93\99\105\104\92\102\106\94\98\102\106\94\92\93\102\101\98\102\101\94\94\97\93\93\99\105\101\91\102\94\92\93\102\109\98\102\109\94\94\97\93\93\102\104\102\92\102\99\94\98\102\99\94\97\93\93\99\101\106\92\102\116\117\156\136\176\115\192\245\249\77\161\245\249\56\228\228\182\224\31\14\161\249\35\228\224\77\224\249\249\56\228\228\182\245\140\35\203\249\77\203\249\56\228\228\182\203\52\14\161\249\35\228\245\77\245\249\249\56\228\228\182\224\10\14\161\249\35\228\161\203\77\161\203\249\249\221\221\56\179\99\157\228\228\161\116\115\73\115\115\115\202\122\125\115\122\114\116\113\123\122\118\123\122\114\114\117\171\134\196\113\113\129\128\115\122\114\116\113\122\129\118\122\129\114\114\117\113\113\123\115\122\114\116\113\122\125\118\122\125\114\114\117\113\113\124\124\116\122\130\114\118\122\130\114\117\113\113\129\130\115\122\114\116\113\122\127\118\122\127\114\114\117\113\113\113\127\116\122\116\115\204\115\115\115\183\0\245\249\253\0\245\247\244\253\255\249\253\255\245\245\248\244\244\244\254\2\247\253\255\245\249\253\255\245\247\244\5\249\5\245\245\248\244\244\5\252\246\253\245\247\244\255\249\255\245\245\248\244\244\254\1\247\255\245\249\255\245\248\244\244\244\0\247\116\116\57\115\115\115\184\106\106\98\94\106\106\98\96\97\106\104\94\106\104\98\98\93\97\97\97\113\100\96\106\104\98\94\106\104\98\96\97\104\94\104\98\98\93\97\97\101\101\95\106\98\96\97\106\106\94\106\106\98\98\93\97\97\103\101\96\104\98\94\104\98\93\97\97\113\116\117\193\132\100\115\183\121\139\2\122\156\105\2\36\190\2\36\122\122\173\2\121\173\105\105\53\87\156\2\104\122\190\2\104\122\173\105\105\105\121\121\156\104\122\190\104\122\156\105\2\2\190\2\2\122\122\173\19\70\53\173\105\105\2\138\156\70\122\190\70\122\14\14\173\116\115\59\115\115\115\183\182\166\120\99\99\99\108\115\111\102\113\100\104\113\100\102\99\108\110\104\108\110\100\100\103\157\120\182\99\99\109\111\116\102\108\113\100\104\108\113\100\103\99\99\99\110\115\102\108\115\100\104\108\115\100\102\99\108\114\104\108\114\100\100\103\99\99\110\116\115\65\115\115\115\179\114\107\114\106\108\105\117\110\117\106\106\109\105\105\105\116\119\108\115\106\110\115\106\108\105\122\110\122\106\106\109\105\105\115\122\107\114\106\108\105\117\110\117\106\106\109\115\114\119\109\105\105\115\118\114\108\120\106\110\120\106\109\105\105\116\116\198\115\115\115\164\211\221\235\213\211\237\241\213\211\237\242\238\238\211\216\236\213\237\235\238\222\241\222\237\237\242\238\238\211\221\236\213\237\235\238\211\241\211\237\237\242\238\238\218\212\236\213\237\235\116\116\143\115\115\115\205\167\155\164\155\168\168\212\212\163\218\234\148\160\157\152\163\241\148\218\167\167\167\160\155\156\170\160\157\168\164\160\157\168\170\167\160\162\164\160\162\168\168\163\151\159\163\167\167\156\152\169\160\168\170\167\160\161\164\160\161\168\168\163\167\167\167\160\155\161\170\160\157\168\164\160\157\168\170\167\160\155\164\160\155\168\168\163\167\167\152\116\117\165\136\176\115\202\82\23\170\2\44\237\170\170\86\170\170\2\2\65\237\237\237\40\82\44\170\40\2\86\170\40\2\44\237\191\149\86\191\149\2\2\65\237\237\170\233\19\44\40\2\86\40\2\65\237\237\40\254\44\191\2\86\191\2\65\237\237\237\19\82\44\170\191\2\86\170\191\2\44\237\61\86\61\2\2\65\237\237\170\233\254\44\116\116\226\115\115\115\167\205\185\181\205\185\182\186\186\205\210\184\209\185\183\186\209\205\181\209\205\185\185\182\186\186\186\201\209\183\209\208\185\181\209\208\185\183\186\209\204\181\209\204\185\185\133\133\182\135\119\197\186\116\116\185\115\115\115\161\225\234\230\241\223\234\226\224\225\241\222\241\226\226\221\151\238\176\225\225\231\231\227\223\234\226\224\225\229\222\229\226\226\221\225\225\228\223\234\226\224\225\234\227\222\234\116\115\183\115\115\115\154\237\224\224\227\223\223\232\238\225\232\224\226\223\232\238\228\232\238\224\224\227\223\223\232\239\226\234\224\228\234\224\227\223\223\233\236\236\226\232\116\115\179\115\115\115\176\236\220\224\228\236\220\223\228\229\223\228\223\230\48\48\223\46\30\240\228\229\233\223\21\240\46\219\219\228\227\229\222\234\220\224\234\220\223\232\230\223\219\219\229\234\222\228\232\220\224\228\232\220\223\219\219\228\227\228\222\228\116\117\147\118\30\115\180\35\14\26\38\35\14\23\44\53\23\11\11\50\56\20\59\14\26\59\14\10\10\23\4\212\74\11\11\47\59\20\38\50\14\26\38\50\14\23\185\74\4\38\38\44\23\11\11\38\50\59\20\38\59\14\26\38\59\14\23\11\11\38\50\38\116\117\146\128\56\115\201\193\15\54\167\219\15\54\167\206\154\154\15\67\80\193\67\167\219\67\167\206\154\154\15\54\119\193\15\2\167\219\15\2\167\235\235\206\209\1\171\154\154\154\28\93\193\15\28\167\219\15\28\167\193\154\67\219\67\167\167\206\140\171\209\154\154\41\193\67\167\219\67\167\206\154\154\154\15\119\54\193\67\167\219\67\167\116\117\139\122\42\115\194\184\163\226\226\198\226\226\170\170\191\163\163\226\12\240\177\226\170\184\163\254\198\254\170\170\191\163\163\163\219\184\19\170\198\19\170\184\163\233\219\198\233\219\170\170\191\163\163\233\226\240\177\226\170\184\163\226\247\198\226\247\170\170\191\163\163\226\26\240\184\226\247\170\198\226\247\170\246\246\116\115\11\115\115\115\180\55\134\118\72\51\51\60\60\63\54\60\67\52\56\60\67\52\55\109\72\134\51\51\60\66\68\54\60\63\52\56\60\63\52\55\51\51\61\62\60\54\60\61\52\56\60\61\52\55\61\62\59\55\61\61\64\55\51\51\51\60\63\65\54\60\116\116\177\115\115\115\152\125\138\134\130\125\138\136\137\130\127\134\130\127\138\138\133\137\137\130\123\123\136\125\138\134\125\138\133\137\137\137\130\123\127\136\124\138\116\117\212\122\42\115\182\15\85\243\1\236\85\15\85\243\243\8\236\236\43\78\78\1\71\243\15\71\243\8\236\236\43\64\78\1\57\243\15\57\243\8\236\236\43\92\57\1\43\43\243\15\43\43\243\8\236\236\50\50\92\1\50\243\15\50\243\8\50\50\92\8\236\236\116\116\57\115\115\115\172\97\103\103\102\96\106\100\98\94\106\100\98\96\97\104\94\104\98\98\93\103\103\113\46\46\93\48\32\110\97\97\97\104\101\96\104\98\94\104\98\96\97\106\104\94\106\104\98\98\93\23\110\48\97\97\97\106\116\117\209\126\22\115\164\225\170\236\2\148\192\236\2\148\170\137\247\236\192\247\236\148\148\181\236\35\68\181\137\137\247\225\13\170\236\68\148\192\236\68\148\181\137\137\46\170\236\24\148\192\236\24\148\181\116\115\234\115\115\115\168\18\18\18\27\33\28\21\27\30\19\23\27\30\19\21\18\27\33\23\27\33\19\19\22\18\18\28\26\28\20\27\19\21\18\27\35\23\27\35\19\19\22\18\18\34\32\20\27\19\21\18\28\29\116\115\58\115\115\115\178\103\108\109\99\99\102\98\98\114\108\100\107\99\101\98\107\115\103\107\115\99\99\102\98\98\98\114\112\101\107\114\99\103\107\114\99\101\98\111\103\111\99\99\102\98\98\107\107\100\107\99\101\98\108\108\103\108\108\99\99\102\107\114\116\117\76\138\26\115\186\202\64\228\228\179\84\61\41\179\61\251\87\179\61\251\64\228\228\179\156\41\84\251\87\84\251\64\228\228\228\202\156\107\41\179\107\251\87\179\107\251\41\228\202\202\87\202\202\251\251\64\228\228\202\156\107\18\179\251\41\228\179\38\87\179\38\251\251\135\135\64\116\116\198\115\115\115\192\155\171\225\238\238\212\221\236\213\237\235\238\212\214\241\212\214\237\237\242\164\225\155\238\238\238\221\222\235\213\212\237\241\213\212\237\235\238\216\241\216\237\237\242\238\238\213\211\221\236\213\237\235\238\213\222\241\213\222\237\237\242\238\238\213\212\216\235\222\237\241\222\237\242\238\238\213\116\116\250\115\115\115\188\40\35\32\41\33\31\34\39\29\39\33\33\30\34\34\41\39\35\31\41\40\33\29\41\40\33\30\34\34\41\39\42\31\41\37\33\29\41\37\33\30\34\34\36\41\32\41\33\31\34\40\39\29\40\39\33\33\30\34\34\49\38\32\41\33\31\34\41\41\29\41\41\33\116\115\167\115\115\115\184\208\211\207\207\216\219\221\209\216\208\210\207\216\216\212\216\216\208\208\211\207\207\216\219\220\210\222\208\212\222\208\211\216\219\215\211\207\207\221\216\209\216\208\210\207\217\215\212\217\215\208\208\211\207\207\223\216\209\216\208\210\207\216\223\212\216\223\208\208\116\115\10\115\115\115\160\54\50\50\65\65\53\59\62\51\55\59\62\51\54\66\59\54\50\50\64\59\52\59\51\53\50\59\64\55\59\64\51\51\54\50\50\50\67\66\53\62\51\55\62\51\116\115\124\115\115\115\172\167\164\173\181\169\173\181\165\165\168\164\164\173\176\175\167\177\165\169\177\165\168\164\164\164\173\176\175\167\173\172\165\169\173\172\165\167\164\173\177\169\173\177\165\165\168\164\164\173\176\172\167\174\165\169\174\165\116\117\7\132\100\115\185\243\175\175\72\123\106\226\72\174\192\4\72\174\192\84\84\243\50\34\20\175\175\72\140\226\208\192\4\208\192\243\137\20\50\175\175\175\89\123\123\226\140\192\4\140\192\226\175\140\4\140\192\192\243\175\175\72\140\208\209\72\192\226\175\89\89\4\89\89\192\116\115\194\115\115\115\183\235\238\234\234\234\243\251\242\237\243\246\235\239\243\246\235\237\234\244\243\239\244\243\235\235\238\234\234\234\244\246\248\237\243\249\235\239\243\249\235\237\234\246\239\246\235\235\238\243\248\245\238\234\234\243\250\245\237\249\235\239\249\235\238\234\234\244\246\116\116\148\115\115\115\159\137\125\135\123\127\135\123\128\124\124\131\135\132\126\131\123\125\124\131\132\127\131\132\123\123\128\124\124\131\140\135\125\131\131\123\127\131\131\123\128\124\124\134\136\116\115\215\115\115\115\156\11\1\8\0\2\255\8\11\4\8\11\0\0\3\255\255\8\12\10\1\8\0\2\255\8\16\4\8\16\0\0\3\255\255\255\8\15\10\2\11\0\116\115\42\115\115\115\197\87\94\83\85\82\91\96\87\91\96\83\83\86\82\82\96\97\85\91\94\83\87\91\94\83\86\82\82\96\93\85\99\83\87\99\83\86\82\82\82\96\97\85\96\83\87\96\83\85\82\97\87\97\83\83\86\82\82\82\92\94\98\85\97\83\87\97\83\85\82\98\87\98\83\83\86\82\82\91\96\93\85\116\117\171\126\22\115\163\198\8\110\154\198\8\110\143\99\99\198\253\19\121\198\110\132\99\198\231\154\198\231\110\110\143\99\99\209\231\8\132\198\8\110\154\198\8\110\143\99\99\198\30\187\132\220\110\116\117\252\134\142\115\152\83\197\7\64\159\55\140\67\67\64\29\237\131\159\197\235\64\66\131\29\244\244\178\140\197\26\159\7\45\244\197\83\197\7\7\64\244\116\117\230\136\176\115\170\46\0\21\84\88\235\67\109\46\0\214\151\0\214\67\67\130\46\46\0\63\235\109\63\67\151\63\67\130\0\21\84\130\46\46\0\21\42\88\235\67\109\46\235\84\151\235\84\67\67\130\46\46\46\0\116\115\155\115\115\115\184\208\204\198\206\196\200\206\196\198\195\209\200\209\196\196\199\195\195\205\207\203\198\206\196\200\206\196\199\205\207\209\199\195\195\195\205\207\208\198\204\208\196\200\204\208\196\198\195\204\206\200\204\206\196\196\199\195\195\195\204\209\210\198\211\196\200\211\196\198\116\117\46\138\26\115\196\198\149\54\57\149\54\221\221\34\198\198\172\149\31\244\149\221\11\198\149\8\57\149\8\221\221\34\198\198\198\172\195\172\11\149\241\221\57\149\241\221\11\198\149\149\57\149\149\221\221\34\198\198\172\218\241\244\149\221\11\198\149\172\57\149\172\221\221\34\198\198\172\195\54\11\149\241\221\57\149\241\116\117\220\134\142\115\163\231\32\212\212\212\146\165\222\13\4\231\51\4\231\13\212\127\222\51\127\222\231\231\35\35\32\253\205\99\212\212\212\127\184\222\13\127\23\231\51\127\23\231\13\212\127\127\51\116\116\193\115\115\115\163\242\242\218\218\213\159\230\168\217\217\242\239\241\215\242\218\216\217\242\233\214\242\233\218\218\213\217\217\238\240\216\239\218\214\239\218\213\217\217\217\242\233\216\242\241\218\214\242\116\115\244\115\115\115\197\36\29\31\28\37\42\33\37\42\29\29\32\28\28\37\38\36\30\37\29\31\28\37\42\33\37\42\29\29\32\28\28\43\37\31\45\29\33\45\29\32\28\28\28\38\45\31\37\44\29\33\37\44\29\31\28\37\43\33\37\43\29\29\32\28\28\37\38\38\31\37\39\29\33\37\39\29\32\28\28\28\39\116\117\177\128\56\115\192\33\224\46\124\198\250\46\124\198\224\185\98\250\98\198\198\237\185\185\59\46\211\46\198\224\185\59\33\250\59\33\198\198\237\185\185\185\46\46\150\224\46\33\198\250\46\33\198\224\185\46\98\250\46\98\198\198\237\185\185\185\85\98\224\98\198\250\98\198\224\185\59\46\250\59\46\198\116\115\218\115\115\115\174\3\6\2\2\17\10\5\17\3\7\17\3\87\87\6\85\69\23\11\11\10\6\60\23\85\2\2\2\11\17\17\5\15\3\7\15\3\5\2\11\10\7\11\10\3\3\6\2\2\12\12\11\5\11\15\3\7\11\15\116\115\241\115\115\115\201\26\29\25\25\35\35\34\28\34\38\26\30\34\38\26\29\25\25\35\34\41\28\36\26\30\36\26\29\35\34\33\29\25\25\35\35\34\27\34\26\28\25\35\35\30\35\35\26\26\29\25\25\25\35\35\42\28\34\35\26\30\34\35\26\28\25\37\30\37\26\26\29\25\25\25\35\35\33\28\39\26\30\39\26\28\25\116\117\206\120\64\115\186\225\175\225\155\155\170\150\150\195\210\200\165\195\195\155\175\195\195\155\170\150\150\150\195\215\190\165\195\210\155\175\195\210\155\165\150\220\175\220\155\155\170\150\150\200\200\215\165\195\200\155\175\195\200\155\170\150\150\150\195\215\195\165\200\155\175\200\155\165\150\195\116\116\80\115\115\115\169\92\99\95\92\103\103\19\19\100\25\41\83\104\104\104\95\96\105\92\103\99\92\103\105\104\95\98\99\95\98\103\103\100\50\83\25\104\104\98\97\87\105\98\103\99\98\103\100\95\92\92\100\104\104\116\117\192\138\26\115\185\39\223\85\157\131\111\203\131\111\180\88\88\88\62\85\223\157\154\111\203\154\111\157\88\108\203\108\111\111\180\88\88\39\131\39\157\39\223\111\203\39\223\111\180\88\88\39\223\16\134\39\111\157\88\39\200\203\39\200\111\111\180\88\88\131\16\157\62\111\203\116\115\39\115\115\115\195\89\80\83\79\79\79\89\91\88\82\88\95\80\84\88\95\80\82\79\89\87\84\89\87\80\80\83\79\79\88\94\94\81\88\80\82\79\88\94\84\88\94\80\80\83\79\79\88\92\93\82\88\90\80\84\88\90\80\83\79\79\92\88\81\88\80\82\79\92\84\92\80\80\164\164\83\162\146\100\79\116\116\18\115\115\115\151\42\32\26\39\31\41\37\31\41\38\112\21\87\42\42\25\31\40\33\41\39\42\33\26\37\33\26\41\41\38\42\42\33\30\29\40\116\117\68\118\30\115\202\215\191\197\188\218\212\203\218\212\191\191\200\188\188\188\215\224\224\197\227\191\203\227\191\197\188\215\239\203\215\239\191\191\200\188\188\215\221\239\194\215\191\197\188\227\203\227\191\191\200\188\188\230\212\194\215\191\197\188\224\203\224\191\191\200\188\188\215\215\212\197\233\191\203\233\191\200\188\188\188\215\218\227\197\215\236\191\116\117\180\122\42\115\165\239\11\60\211\225\204\53\239\53\211\211\232\204\204\11\25\11\225\11\32\211\239\11\32\211\232\204\204\11\25\25\225\11\32\211\239\11\32\211\232\204\204\11\25\60\225\18\211\239\18\116\116\141\115\115\115\185\166\169\165\165\165\158\156\158\164\158\159\166\170\158\159\166\164\165\158\160\170\158\160\166\166\169\165\165\165\159\157\164\162\166\170\162\166\164\165\155\156\170\155\156\166\166\169\165\165\165\158\157\149\164\158\161\166\170\158\161\166\164\165\159\170\159\166\166\169\165\116\117\24\126\22\115\157\208\51\62\95\230\51\219\241\208\51\40\7\51\40\219\219\252\208\208\51\62\117\241\139\219\7\139\219\252\208\208\51\62\139\241\51\51\219\7\51\51\219\116\117\181\128\56\115\197\14\14\241\244\36\206\189\189\50\154\89\228\50\63\202\254\50\63\202\241\175\206\244\189\189\50\128\37\215\50\202\228\189\50\76\254\50\76\202\202\241\189\189\189\128\76\228\50\102\202\254\50\102\202\228\189\50\76\254\50\76\202\202\241\189\189\50\37\141\215\50\202\228\189\50\141\254\50\141\202\202\241\116\116\142\115\115\115\181\166\166\166\157\160\159\163\156\165\169\156\165\163\166\157\158\169\157\158\165\165\170\166\166\166\159\160\163\157\157\165\169\157\157\165\163\166\156\155\169\156\155\165\165\170\166\166\157\158\160\163\149\165\169\149\165\170\166\166\157\160\149\164\157\165\163\116\116\229\115\115\115\173\205\184\210\184\206\206\209\205\205\184\184\204\189\206\210\189\206\209\183\189\209\205\205\182\183\189\203\182\206\204\205\182\179\210\182\179\206\206\209\205\205\190\179\203\182\206\204\205\190\210\190\206\206\209\205\205\182\182\116\117\145\138\26\115\165\153\110\248\130\64\156\248\130\64\133\41\41\248\130\225\110\248\84\64\156\248\84\64\133\41\41\41\130\107\110\130\64\156\130\64\110\41\248\130\156\248\130\64\64\133\41\41\107\153\110\116\116\128\115\115\115\188\167\151\147\167\151\148\152\152\175\174\173\154\175\151\153\152\175\174\147\175\174\151\151\148\152\152\175\176\177\154\175\151\153\152\175\171\147\175\171\151\151\148\168\175\227\227\148\233\217\163\152\152\174\167\153\175\172\151\147\175\172\151\148\226\163\233\152\152\175\177\168\154\175\116\115\147\115\115\115\189\188\190\187\197\196\192\197\196\188\188\191\187\187\196\202\204\189\196\188\190\187\198\192\198\188\188\191\187\187\196\201\201\190\196\199\188\192\196\199\188\191\187\187\196\201\202\190\196\198\188\192\196\198\188\191\196\202\202\191\187\187\196\202\195\190\196\204\188\192\196\204\188\191\187\116\116\141\115\115\115\190\165\158\157\158\163\158\166\164\165\155\155\170\155\155\166\166\169\158\156\161\169\165\165\165\158\149\159\164\158\159\166\170\158\159\166\164\165\160\170\160\166\166\169\165\165\158\149\162\163\158\166\164\165\155\157\170\155\157\166\166\169\165\165\158\149\157\163\158\166\164\165\155\156\170\155\116\116\169\115\115\115\162\120\146\146\141\122\121\122\141\145\145\122\118\122\143\122\146\144\145\122\129\142\122\129\146\146\141\145\145\145\122\115\115\144\115\146\142\115\146\144\145\117\142\117\146\146\141\145\116\117\31\138\26\115\178\183\134\16\157\229\134\206\252\183\157\134\42\157\134\206\206\19\183\183\134\16\203\252\134\180\206\42\134\180\206\19\183\183\134\16\62\229\134\206\252\183\134\39\42\134\39\206\206\19\183\183\183\134\16\157\252\226\206\42\226\206\252\183\116\117\44\128\56\115\191\208\117\208\65\65\104\52\52\169\156\169\78\169\65\91\52\169\234\117\169\234\65\65\104\52\52\169\208\17\91\169\169\65\117\169\169\65\104\52\52\169\234\234\91\169\195\65\117\169\195\65\104\52\52\52\169\234\4\91\221\65\117\221\65\91\52\182\195\117\182\195\65\65\104\52\52\116\115\205\115\115\115\205\254\4\253\248\254\253\246\250\254\253\246\74\74\249\72\56\10\245\245\245\5\248\254\254\246\250\254\254\246\248\245\6\250\6\246\246\249\47\10\72\255\0\4\249\245\245\245\254\2\255\248\0\246\250\0\246\248\245\254\1\250\254\1\246\246\249\245\245\245\254\5\0\248\254\2\246\250\254\2\246\248\245\6\250\6\246\246\249\245\245\116\115\173\115\115\115\206\223\224\230\215\222\214\216\213\222\230\218\222\230\214\214\217\222\226\227\217\213\213\213\222\228\227\216\230\214\218\230\214\216\213\225\218\225\214\214\217\213\213\223\225\221\216\222\226\214\218\222\226\214\217\213\213\222\225\224\216\222\227\214\218\222\227\214\217\213\213\222\228\229\216\222\225\214\218\222\225\214\217\213\213\223\224\228\216\225\214\218\116\116\154\115\115\115\162\134\129\126\130\130\137\134\132\127\137\136\129\125\137\136\129\126\137\131\132\126\130\130\136\135\145\128\137\129\127\130\137\132\125\137\132\129\129\126\130\130\130\137\134\131\127\136\116\115\206\115\115\115\177\247\251\0\247\249\246\0\1\251\0\1\247\247\250\246\246\255\1\6\248\255\247\249\246\255\2\251\255\2\247\247\250\246\246\0\1\6\249\255\4\247\251\255\4\247\250\246\246\255\4\0\249\255\1\247\251\255\1\247\250\255\6\116\117\189\134\142\115\192\229\1\181\181\181\115\153\77\238\96\229\200\20\96\229\200\238\181\115\77\20\115\77\200\200\1\181\181\181\96\153\191\238\229\200\20\229\200\238\181\96\172\20\96\172\200\200\1\181\181\181\96\134\229\238\96\191\200\20\96\191\200\238\181\115\77\20\115\77\200\200\1\181\181\115\134\210\116\116\57\115\115\115\188\96\114\98\94\114\98\93\97\97\106\100\104\95\106\98\96\97\99\94\99\98\98\93\97\97\97\106\102\106\96\113\98\94\113\98\96\97\114\94\114\98\98\46\46\93\48\32\110\97\97\102\103\95\106\98\96\97\101\94\101\98\98\93\23\110\48\97\97\106\106\100\95\106\116\117\41\118\30\115\184\164\170\161\188\203\176\188\203\164\164\173\161\161\161\188\203\212\170\194\164\176\194\164\170\161\188\203\176\188\203\164\164\173\161\161\188\203\209\170\188\188\164\176\188\188\164\173\188\203\194\173\161\161\161\209\197\170\188\203\164\176\188\203\164\170\161\188\200\176\116\115\202\115\115\115\164\251\255\243\243\246\242\242\242\251\253\252\245\251\255\243\247\251\255\243\245\242\252\252\247\252\252\243\243\246\242\242\242\251\0\3\245\251\255\243\247\251\255\243\245\242\0\247\0\243\116\116\30\115\115\115\207\245\250\246\246\13\16\12\243\5\245\249\5\245\250\246\246\13\17\13\243\13\16\245\249\13\16\245\250\246\246\13\17\16\244\13\245\243\246\12\14\249\12\14\245\245\73\73\250\67\51\9\246\246\246\16\17\243\13\14\245\249\13\14\245\243\246\13\5\249\13\5\245\245\250\60\9\67\246\246\18\13\243\13\11\245\249\13\11\245\250\246\246\116\116\70\115\115\115\187\84\86\86\107\85\88\109\113\85\88\109\114\110\110\110\84\83\89\107\85\88\109\113\85\88\109\107\110\85\87\113\85\87\109\109\114\110\110\110\83\94\107\85\85\109\113\85\85\109\107\110\87\113\87\109\109\114\110\110\110\84\86\83\107\85\84\109\113\85\84\109\107\116\117\38\132\100\115\206\206\103\188\35\103\188\223\223\18\120\137\137\18\137\239\18\206\206\206\120\86\154\1\205\223\35\205\223\1\206\103\205\35\103\205\223\223\18\206\206\120\154\154\1\120\223\35\120\223\18\206\206\137\222\1\103\154\223\35\103\154\223\18\206\206\120\86\86\1\103\171\223\35\103\171\223\18\206\206\206\120\171\120\1\171\223\35\171\223\1\206\116\116\171\115\115\115\188\116\136\116\132\132\184\184\135\182\198\120\131\131\124\130\130\133\124\132\134\131\124\115\136\124\115\132\132\135\205\120\182\131\131\125\127\129\133\124\132\134\131\116\136\116\132\132\135\131\131\126\124\133\124\132\134\131\129\136\129\132\132\135\131\131\124\115\134\124\130\132\136\124\116\115\244\115\115\115\203\43\29\32\28\28\28\37\45\31\37\44\29\33\37\44\29\31\28\38\37\33\38\37\29\29\32\28\28\28\38\45\31\37\41\29\33\37\41\29\31\28\37\37\33\37\37\29\29\32\28\28\28\38\38\31\42\29\33\42\29\31\28\37\36\33\37\36\29\29\32\28\28\38\36\45\31\41\29\33\41\29\32\28\28\38\40\38\30\116\115\71\115\115\115\201\120\112\114\111\120\122\116\120\122\112\112\115\111\111\122\127\114\120\125\112\116\120\125\112\115\111\111\122\126\113\120\112\114\111\128\116\128\112\112\115\111\111\111\122\121\114\125\112\116\125\112\114\111\123\116\123\112\112\115\111\111\121\119\128\113\120\112\114\111\120\119\116\120\119\112\112\115\111\111\111\120\114\120\121\112\116\116\116\128\115\115\115\163\175\178\151\153\152\177\147\177\151\151\148\152\152\152\177\168\153\167\151\147\167\151\153\152\175\178\147\175\178\151\151\148\177\175\148\152\152\178\176\153\172\151\147\172\151\148\178\171\116\117\64\118\30\115\171\183\183\196\177\129\247\184\184\235\220\193\211\235\187\199\211\235\187\196\102\247\177\184\184\226\229\193\211\235\187\199\211\235\187\196\184\184\214\217\232\190\211\187\193\184\220\199\220\187\187\196\184\184\211\217\190\116\116\130\115\115\115\163\177\153\151\154\177\174\149\177\174\153\153\150\154\154\172\169\152\177\153\151\154\177\175\149\177\175\153\153\150\154\154\154\176\174\176\151\170\153\149\170\153\151\154\177\177\149\177\177\116\115\188\115\115\115\189\229\229\232\228\228\242\231\237\242\229\233\237\242\229\232\228\228\243\236\230\237\229\231\228\237\241\233\237\241\229\229\232\228\228\238\238\245\231\237\239\229\233\237\239\229\232\228\228\228\244\231\237\239\229\233\237\239\229\231\228\237\236\233\237\236\229\229\232\228\228\228\242\243\231\116\115\205\115\115\115\201\254\1\246\250\254\1\246\248\245\254\0\250\254\0\246\246\249\245\245\245\255\0\255\248\2\246\250\2\246\248\245\6\250\6\246\246\249\245\245\3\248\4\246\250\4\246\249\245\245\3\5\248\254\2\246\250\254\2\246\249\245\245\255\0\0\247\254\246\248\245\0\250\0\246\246\249\245\245\254\4\248\254\6\246\250\254\116\115\53\115\115\115\164\110\94\97\93\93\107\108\96\102\106\94\98\102\106\94\97\93\93\103\103\110\95\102\94\96\93\103\101\98\103\101\94\94\97\103\106\178\178\97\176\160\114\93\93\102\101\106\96\108\116\116\35\115\115\115\154\12\16\250\12\15\69\0\62\11\11\244\251\248\14\244\252\12\16\244\252\12\15\11\11\11\245\245\245\14\248\12\16\248\12\14\11\244\249\16\116\116\162\115\115\115\153\145\140\121\121\118\144\145\141\118\122\122\144\146\142\119\145\145\121\117\145\145\121\118\122\122\144\146\137\120\145\121\119\122\145\137\117\145\137\116\115\44\115\115\115\205\85\85\88\84\84\84\93\95\99\87\93\96\85\89\93\96\85\87\84\93\93\89\93\93\85\85\88\84\84\93\100\101\86\93\85\87\84\93\93\89\93\93\85\85\88\94\93\101\88\84\84\84\94\92\94\87\93\101\85\89\93\101\85\87\84\93\96\89\93\96\85\85\88\84\84\94\92\96\87\93\95\85\89\93\95\85\88\94\93\94\116\117\176\120\64\115\183\140\120\120\170\165\160\130\165\125\135\120\185\145\185\125\125\140\120\120\120\170\165\185\135\165\160\125\145\165\160\125\135\120\165\175\145\165\175\125\125\140\120\120\170\160\200\130\165\125\135\120\170\165\145\170\165\125\125\33\33\140\23\199\225\120\120\185\165\116\117\155\128\56\115\190\202\89\176\228\89\176\215\149\180\218\163\163\37\76\202\76\176\228\76\176\215\163\163\163\24\128\11\202\24\76\176\228\24\76\176\202\163\37\11\228\37\11\176\176\215\163\163\37\50\11\189\24\176\202\163\24\24\228\24\24\176\176\215\163\163\37\63\202\24\50\176\228\24\50\176\116\117\230\126\22\115\172\202\158\158\1\78\56\191\12\169\213\12\169\202\12\23\78\202\158\158\12\67\180\1\169\191\158\1\12\213\1\12\169\169\202\158\158\12\34\12\180\1\169\191\158\1\56\213\1\56\169\169\202\158\158\12\34\246\116\116\37\115\115\115\193\12\246\244\14\18\246\244\14\17\13\13\243\248\12\243\14\18\243\14\17\243\244\250\17\243\243\246\66\66\17\60\76\2\246\254\249\17\67\2\60\13\13\13\246\253\12\246\250\14\18\246\250\14\12\13\246\249\18\246\249\14\14\17\13\13\250\250\11\246\14\12\13\246\248\18\246\248\14\116\116\16\115\115\115\203\39\36\40\40\28\24\42\31\39\41\40\34\31\35\34\31\39\39\36\40\40\33\29\42\31\39\41\40\24\35\24\39\39\36\40\40\40\28\34\41\29\39\35\29\39\41\40\31\30\35\31\30\39\39\36\40\40\34\34\30\42\31\39\41\40\31\24\35\31\24\39\39\36\40\40\33\41\31\29\39\35\31\29\39\36\40\40\40\116\117\76\136\176\115\173\144\123\211\186\169\253\186\169\211\148\102\102\253\102\102\169\169\232\148\148\144\207\211\81\144\169\253\81\144\169\141\141\232\99\19\77\148\148\81\207\228\211\144\169\253\144\169\232\86\77\99\148\148\148\81\165\102\211\116\115\224\115\115\115\182\17\21\9\13\17\21\9\11\8\17\25\13\17\25\9\9\12\8\8\22\17\10\17\9\11\8\17\16\13\17\16\9\9\12\8\8\8\17\16\17\11\17\19\9\13\17\19\9\11\8\17\22\13\17\22\9\9\12\8\8\17\21\17\11\18\9\13\116\117\191\136\176\115\202\217\28\91\24\66\91\7\7\196\175\108\70\108\28\112\108\28\91\196\24\238\91\7\7\7\87\175\70\238\28\112\238\28\70\7\217\217\112\217\217\28\28\91\7\7\24\3\49\196\28\70\7\196\45\112\196\45\28\28\91\196\24\196\91\7\7\24\66\49\196\28\70\7\217\217\112\217\217\28\28\91\7\7\24\45\70\66\116\117\179\126\22\115\175\118\162\16\118\18\18\151\252\76\82\206\217\16\151\233\82\252\217\195\16\151\107\107\217\239\239\129\206\118\140\107\38\162\38\118\118\151\107\107\217\228\16\129\206\118\140\107\217\228\162\217\228\118\118\151\107\107\217\217\5\116\115\54\115\115\115\195\97\103\108\95\99\103\108\95\98\94\94\104\105\103\97\103\103\95\99\103\103\95\98\103\107\111\98\103\111\104\98\94\94\104\105\104\97\103\102\95\99\103\102\95\98\94\94\104\105\108\96\103\95\97\94\103\104\99\103\104\95\95\98\103\107\111\98\104\103\102\98\94\94\104\104\110\97\103\104\95\116\115\46\115\115\115\173\91\95\96\87\90\86\86\96\98\97\89\95\101\87\91\95\101\87\90\96\98\97\90\96\97\96\90\86\86\96\97\101\88\95\87\89\86\97\91\97\87\87\90\86\86\86\96\97\94\89\95\101\87\91\95\101\87\89\116\117\34\122\42\115\193\58\128\135\93\128\135\65\65\86\58\58\128\142\128\72\121\65\79\58\121\170\93\121\170\65\65\141\141\86\127\15\205\58\58\58\128\135\79\121\156\65\93\121\156\65\79\58\128\121\93\128\121\65\65\86\208\205\127\58\58\128\149\135\72\121\65\79\58\121\170\93\121\170\65\65\86\58\58\116\116\210\115\115\115\193\234\225\220\224\231\225\221\233\229\225\221\233\231\234\225\223\229\225\223\233\233\230\224\226\224\230\234\234\234\224\221\224\231\220\233\229\220\233\231\234\225\222\229\225\222\233\233\230\234\234\234\225\221\218\231\225\220\233\229\225\220\233\231\234\221\229\221\233\233\230\234\234\224\225\226\232\225\233\116\116\29\115\115\115\193\244\245\14\12\250\14\12\246\246\249\245\245\11\18\17\243\14\246\244\245\11\13\250\11\13\246\246\249\245\245\14\5\14\244\6\246\250\6\246\249\245\245\245\14\18\18\244\14\5\246\250\14\5\246\244\245\18\250\18\246\246\249\245\245\11\18\11\243\14\246\244\245\11\14\250\11\14\246\116\116\85\115\115\115\156\62\65\61\61\70\74\77\60\70\74\62\66\70\74\62\65\70\74\72\65\61\61\67\74\74\59\70\62\60\61\71\66\71\62\62\65\61\61\70\78\72\116\115\68\115\115\115\161\111\119\109\113\119\109\112\108\108\118\117\119\111\123\109\113\123\109\112\108\108\108\118\121\120\111\117\116\109\113\117\116\109\111\108\117\125\113\117\125\109\109\112\108\108\118\116\117\19\122\42\115\206\106\113\57\106\50\64\43\106\120\78\106\120\50\50\71\43\43\106\162\148\57\106\50\64\43\106\106\78\106\106\50\50\126\126\71\112\0\190\43\43\120\141\57\106\50\64\43\106\120\78\106\120\50\50\71\193\190\112\43\43\106\99\106\57\106\50\64\43\113\106\78\113\106\50\50\71\43\43\106\127\106\57\106\50\64\43\113\99\78\113\99\116\115\209\115\115\115\197\250\250\253\249\249\2\5\6\252\3\250\254\3\250\253\7\9\253\2\1\5\253\249\249\2\5\2\252\4\250\254\4\250\253\249\249\2\6\2\251\2\250\252\249\4\254\4\250\250\253\249\249\2\6\3\251\2\250\252\249\2\7\254\2\7\250\250\253\249\249\2\4\4\252\4\250\254\4\250\253\249\249\116\117\170\138\26\115\175\17\86\132\135\155\89\181\155\89\158\66\66\66\17\63\109\135\17\109\89\181\17\109\89\135\66\17\40\181\17\40\89\89\158\66\66\17\63\155\112\17\89\135\66\109\181\109\89\89\229\229\158\183\71\37\66\66\66\201\201\116\115\69\115\115\115\188\112\118\117\110\114\118\117\110\112\109\118\121\114\118\121\110\110\113\167\130\192\109\109\109\124\121\112\124\110\114\124\110\112\109\121\114\121\110\110\113\109\109\109\118\112\123\110\114\123\110\112\109\122\114\122\110\110\113\109\109\119\120\118\112\118\119\110\114\118\119\110\113\109\116\115\154\115\115\115\174\194\209\204\197\203\207\195\199\203\207\195\198\194\194\204\205\206\197\206\195\199\206\195\198\204\205\205\198\194\194\194\209\207\197\207\195\199\207\195\197\194\204\203\199\204\203\195\195\198\194\194\194\204\208\197\209\195\199\209\116\116\189\115\115\115\204\214\212\213\238\236\218\238\236\214\214\217\213\213\213\237\212\236\214\218\236\214\212\213\238\238\218\238\238\214\214\217\213\213\240\241\211\238\214\212\213\238\241\218\238\241\214\214\217\213\213\213\230\212\230\214\218\230\214\212\213\240\218\240\214\214\217\213\213\213\236\237\212\230\214\218\230\214\212\213\238\229\218\238\229\214\214\170\170\217\116\115\11\115\115\115\162\134\118\72\60\68\61\55\109\72\134\51\51\62\53\60\52\54\51\61\61\56\61\61\52\52\55\62\62\55\51\51\51\63\64\54\68\52\56\68\52\54\51\61\60\56\61\60\116\115\218\115\115\115\183\3\3\6\2\2\13\17\4\11\3\5\2\18\7\18\3\3\6\2\2\2\15\10\5\11\12\3\7\11\12\3\5\2\15\7\15\3\3\6\2\2\13\13\5\17\3\7\17\3\87\87\6\85\69\23\2\2\11\17\19\5\11\18\3\7\11\18\3\116\117\18\118\30\115\202\150\56\201\131\138\138\165\177\174\147\165\189\141\153\165\189\141\150\138\138\138\183\186\147\165\186\141\153\165\186\141\147\138\165\171\153\165\171\141\141\150\138\138\165\162\183\144\165\141\147\138\165\183\153\165\183\141\141\150\138\138\165\177\171\144\165\141\147\138\165\177\153\165\177\141\141\150\138\138\183\189\144\165\141\147\138\189\116\115\3\115\115\115\184\48\60\44\44\47\52\51\60\128\128\47\126\110\64\43\43\58\53\46\56\44\48\56\44\47\101\64\126\43\43\52\55\53\45\52\44\46\43\55\48\55\44\44\47\43\43\52\59\57\45\52\44\46\43\59\48\59\44\44\47\43\43\43\52\58\54\46\52\55\116\116\134\115\115\115\198\173\177\149\154\173\171\174\149\152\177\149\152\173\173\178\174\174\174\149\151\147\171\152\173\177\152\173\171\174\148\147\177\148\147\173\173\178\174\174\174\149\150\154\171\149\151\173\177\149\151\173\171\174\149\152\177\149\152\173\173\178\149\152\148\178\174\174\174\149\158\147\171\149\157\173\177\149\157\173\171\174\149\153\116\116\150\115\115\115\190\129\133\137\125\125\130\126\126\126\133\142\131\123\133\136\125\129\133\136\125\123\126\132\132\129\132\132\125\125\130\126\126\126\133\142\133\123\133\135\125\129\133\135\125\123\126\138\129\138\125\125\209\209\130\203\187\145\126\126\126\132\123\133\131\125\129\133\131\125\123\126\141\129\141\125\116\116\151\115\115\115\162\128\123\185\140\210\127\127\137\138\131\129\136\128\130\127\137\135\124\137\135\128\128\123\127\127\136\138\134\129\136\128\130\127\144\124\144\128\128\123\136\134\137\123\127\127\137\138\116\116\189\115\115\115\172\236\212\230\214\218\230\214\217\213\213\213\238\242\237\212\238\229\214\218\238\229\214\212\213\235\235\218\235\235\214\214\217\213\213\238\240\230\212\238\236\214\218\238\236\214\217\213\213\213\235\236\236\212\238\239\214\218\116\116\238\115\115\115\191\189\192\197\195\198\188\188\201\188\188\197\197\202\198\198\189\181\190\196\189\197\195\198\189\188\201\189\188\197\197\202\198\198\198\189\191\189\195\189\187\197\201\189\187\197\195\198\188\187\201\188\187\197\197\202\198\198\198\188\187\188\195\187\197\201\187\197\195\198\189\189\201\189\189\197\197\116\116\222\115\115\115\186\186\182\182\205\209\206\180\205\181\179\182\205\204\185\205\204\181\181\186\182\182\182\205\197\204\179\203\181\185\203\181\179\182\204\204\185\204\204\181\181\137\137\186\131\115\201\205\207\186\124\201\131\182\182\182\198\210\179\204\181\185\204\181\179\182\210\185\210\181\181\186\116\117\20\136\176\115\172\92\92\92\25\25\88\155\25\25\113\197\25\25\113\155\92\130\197\130\113\113\176\25\46\130\176\92\92\92\25\25\172\155\109\113\197\109\113\155\92\25\46\197\25\46\113\113\176\25\67\25\176\25\25\88\176\88\116\116\160\115\115\115\180\135\116\135\139\116\120\120\143\146\136\121\146\119\115\146\119\116\120\120\120\143\143\142\121\136\119\115\136\119\121\120\143\143\115\143\143\119\119\116\120\120\143\146\139\122\143\119\121\120\143\146\115\143\146\119\119\116\120\120\120\143\146\146\121\143\116\115\200\115\115\115\152\1\241\245\249\1\241\243\240\254\245\254\241\241\244\240\240\249\250\1\242\249\241\243\240\249\250\245\249\250\241\241\69\69\244\67\51\5\116\116\177\115\115\115\187\137\137\130\126\126\136\130\123\138\134\130\123\138\133\207\118\184\137\137\137\130\128\129\136\130\129\138\134\130\129\138\136\137\126\134\126\138\138\133\137\137\126\125\135\130\138\136\137\130\129\134\130\129\138\138\133\137\137\121\128\135\130\138\136\137\130\130\134\130\130\138\138\116\116\21\115\115\115\187\1\253\253\253\6\3\14\252\6\8\254\2\6\8\254\252\253\6\4\2\6\4\254\254\1\253\253\10\10\251\6\254\252\253\7\2\7\254\254\1\253\253\13\10\251\6\254\252\253\6\4\2\6\4\254\254\1\253\253\6\4\5\252\6\8\254\2\6\8\254\1\253\116\117\250\126\22\115\152\178\76\98\200\21\189\211\178\21\65\233\21\65\189\189\222\178\178\109\10\200\21\189\211\178\109\233\109\189\189\222\21\32\98\222\178\178\116\116\227\115\115\115\157\185\180\206\180\186\204\208\180\186\204\207\203\203\184\181\205\180\204\206\203\180\187\208\180\187\204\204\128\128\207\126\142\192\203\203\180\206\180\188\204\208\180\116\115\128\115\115\115\158\185\169\172\226\189\251\168\168\184\177\170\177\169\171\168\177\177\173\177\177\169\169\172\168\168\168\177\176\178\171\180\169\173\180\169\171\168\181\173\181\169\169\172\116\117\4\134\142\115\182\252\252\167\167\243\34\167\15\53\252\167\167\91\167\167\15\15\72\252\252\252\167\148\205\53\205\15\91\205\15\53\252\167\205\91\167\205\15\15\72\252\252\252\167\167\186\53\167\186\15\91\167\186\15\53\252\167\148\91\167\148\15\15\72\252\252\252\116\116\58\115\115\115\170\105\105\101\95\105\114\97\93\105\114\97\95\98\113\93\113\97\97\94\98\98\98\105\105\106\95\113\97\93\113\97\95\98\104\104\93\104\104\97\97\94\98\98\113\114\96\105\97\95\98\104\104\93\104\104\116\116\250\115\115\115\184\33\33\30\34\34\41\41\41\31\41\36\33\29\41\36\33\30\34\34\34\41\42\42\31\41\49\33\29\41\49\33\31\34\50\29\50\33\33\30\34\34\41\42\40\31\35\33\29\35\33\109\109\30\111\95\45\34\34\34\35\35\31\41\35\33\29\41\35\33\116\117\6\138\26\115\170\227\158\224\17\224\181\181\250\212\129\19\158\158\201\109\204\109\181\227\158\109\178\17\109\178\181\181\250\158\158\132\86\201\227\109\178\181\17\109\178\181\250\158\158\132\178\178\204\109\181\227\158\224\17\224\116\115\144\115\115\115\205\185\185\188\184\184\184\197\195\187\193\201\185\189\193\201\185\187\184\201\189\201\185\185\188\184\184\184\194\192\200\187\200\185\189\200\185\187\184\198\189\198\185\185\188\193\192\13\13\188\11\251\205\184\184\184\193\195\196\187\193\197\185\189\193\197\185\187\184\193\195\189\193\195\185\185\188\242\205\11\184\184\184\194\193\192\187\201\185\189\201\116\117\203\134\142\115\163\214\252\195\6\34\6\214\214\15\195\195\195\129\167\186\252\110\91\214\34\110\91\214\252\195\110\224\34\110\224\214\214\15\195\195\195\129\186\148\252\110\129\214\34\110\129\214\252\116\117\150\122\42\115\172\174\237\2\209\237\2\181\181\202\237\16\16\202\174\174\244\230\2\188\237\181\195\174\237\37\209\237\37\181\181\202\174\174\244\237\2\195\237\2\181\209\237\2\181\202\174\174\244\237\23\188\237\181\195\174\244\251\116\117\171\134\142\115\162\2\97\116\182\182\242\242\239\204\156\50\163\163\163\78\116\116\220\78\154\182\2\78\154\182\220\163\97\78\2\97\78\182\182\239\241\50\204\163\163\163\78\59\211\220\78\211\116\115\49\115\115\115\196\90\94\98\105\90\92\89\98\101\94\98\101\90\90\93\89\89\99\102\92\98\104\90\94\98\104\90\93\89\89\89\103\101\92\98\103\90\94\98\103\90\92\89\102\94\102\90\90\93\89\89\98\97\106\91\98\90\92\89\98\103\94\98\103\90\90\93\89\89\89\102\104\92\98\100\90\94\98\100\90\92\116\115\206\115\115\115\168\246\255\254\251\255\254\247\247\250\246\246\2\3\248\255\247\249\246\1\251\1\247\247\250\246\246\246\255\255\254\249\255\0\247\251\255\0\247\249\246\3\251\3\247\247\250\246\246\1\254\249\0\247\116\116\164\115\115\115\207\143\118\139\144\140\140\115\124\142\115\139\141\140\121\143\121\139\139\144\140\140\140\115\116\119\141\122\139\143\122\139\141\140\115\123\143\115\123\139\139\144\140\140\122\122\141\119\139\143\119\139\144\140\140\140\115\123\141\122\139\143\122\139\141\140\115\118\143\115\118\139\139\191\191\144\189\205\127\140\140\140\115\122\115\141\115\118\139\143\115\118\139\116\115\128\115\115\115\186\171\168\178\177\173\178\177\169\169\172\226\189\251\168\168\168\178\179\183\171\177\185\169\173\177\185\169\171\168\183\173\183\169\169\172\168\168\168\177\176\171\184\169\173\184\169\171\168\181\173\181\169\169\172\184\172\168\168\185\170\177\169\171\168\178\177\173\178\177\169\169\116\115\252\115\115\115\186\40\36\36\46\45\39\46\37\41\46\37\40\45\44\40\36\36\36\45\49\39\45\53\37\41\45\53\37\39\36\47\41\47\37\37\40\36\36\36\52\39\45\45\37\41\45\45\37\39\36\53\41\53\37\37\121\121\40\119\103\57\36\36\51\45\38\45\37\39\36\45\116\116\88\115\115\115\186\68\59\71\68\63\63\60\250\75\17\64\64\68\68\66\71\63\65\64\71\67\59\71\67\63\63\60\74\72\68\60\64\64\74\72\80\65\71\70\63\59\71\70\63\60\64\64\64\68\70\65\69\63\59\69\63\65\64\71\67\59\71\67\63\63\60\74\72\68\60\64\116\116\185\115\115\115\163\225\231\232\241\224\231\226\222\231\226\174\174\221\176\160\238\225\225\232\241\223\234\226\224\225\231\234\222\231\234\226\226\221\151\238\176\225\225\234\233\229\224\228\226\222\228\226\221\116\116\69\115\115\115\170\109\109\86\90\83\108\89\110\114\89\110\113\86\89\84\113\86\89\86\113\109\109\86\89\83\107\86\110\108\109\86\90\114\86\90\110\110\113\109\109\86\90\89\108\86\87\110\114\86\87\110\113\109\109\86\116\117\156\128\56\115\190\64\116\190\25\177\203\164\116\229\116\177\177\216\164\164\25\51\129\203\25\116\177\229\25\116\177\216\164\164\25\77\51\203\25\64\177\229\25\64\177\216\164\164\25\77\51\203\77\177\229\77\177\245\245\216\219\11\181\164\164\25\64\103\190\25\177\203\164\25\25\229\25\25\177\177\116\117\195\134\142\115\207\7\9\74\228\187\187\187\102\102\254\244\178\206\26\178\206\244\187\216\26\216\206\206\7\187\187\216\216\244\197\206\26\197\206\7\197\178\7\187\187\102\121\83\225\102\206\244\187\102\178\26\102\178\206\206\7\187\187\216\216\225\102\206\244\187\102\178\26\102\178\206\206\7\187\187\187\178\216\244\235\206\26\235\206\244\187\121\83\26\121\83\206\116\117\228\132\100\115\153\157\49\49\208\15\255\241\140\140\37\37\71\174\37\157\191\140\122\225\122\157\157\208\102\241\15\140\140\37\173\37\174\37\157\191\140\122\225\116\116\147\115\115\115\155\137\124\124\127\123\123\123\133\133\135\126\138\124\128\138\124\126\123\135\128\135\124\124\127\123\123\132\135\136\126\133\124\128\133\124\127\123\123\132\140\116\115\68\115\115\115\154\122\111\117\118\109\113\117\118\109\112\108\108\118\117\123\111\117\117\109\113\117\117\109\112\108\108\108\118\117\116\111\117\124\109\113\117\124\109\111\116\115\46\115\115\115\174\86\96\96\91\96\96\87\87\90\86\86\96\95\97\88\95\87\89\86\98\91\98\87\87\90\86\86\96\96\98\89\95\98\87\91\95\98\87\90\86\86\96\97\96\89\103\87\91\103\87\90\86\86\86\96\96\102\89\95\116\117\206\118\30\115\159\100\73\85\97\100\73\79\70\97\106\85\97\106\73\73\69\69\82\63\15\133\70\70\70\97\94\115\79\121\73\85\121\73\79\70\106\85\106\73\73\82\244\133\63\116\116\171\115\115\115\163\131\131\131\115\123\134\128\132\136\128\132\134\131\124\129\136\124\129\132\132\135\125\127\123\135\131\131\131\126\123\134\127\132\136\127\132\134\131\130\136\130\132\132\135\131\131\131\115\116\117\242\120\64\115\175\246\201\5\191\211\5\191\201\186\231\0\211\231\0\191\191\206\186\186\236\201\231\246\191\211\231\246\191\206\186\186\236\246\196\231\191\201\186\231\241\211\231\241\191\191\206\186\186\10\246\196\231\191\201\186\231\236\211\231\236\116\115\8\115\115\115\187\49\49\52\48\48\48\59\51\57\62\49\53\57\62\49\51\48\65\53\65\49\49\52\48\48\48\59\57\51\57\59\49\53\57\59\49\51\48\61\53\61\49\49\52\48\48\48\64\56\51\57\57\49\53\57\57\49\51\48\57\59\53\57\59\49\49\52\48\48\60\56\50\116\117\31\134\142\115\184\194\42\80\23\71\118\71\42\42\99\23\23\23\213\71\80\194\52\42\118\194\52\42\80\23\194\33\118\194\33\42\42\102\102\99\64\16\166\23\23\23\33\213\80\194\213\42\118\194\213\42\80\23\33\118\33\42\42\99\101\166\64\23\23\194\251\175\61\194\116\117\184\132\100\115\171\113\147\96\10\27\181\10\27\113\113\164\249\95\27\164\129\44\164\96\96\249\27\10\147\249\27\113\181\249\27\113\164\249\95\27\164\96\96\249\78\61\130\249\113\147\96\10\232\181\10\232\113\113\5\5\164\116\115\210\115\115\115\197\77\61\15\250\250\3\9\10\253\6\251\255\6\251\254\52\15\77\250\250\3\7\3\252\3\251\253\250\3\5\255\3\5\251\251\254\250\250\250\7\7\253\3\7\251\255\3\7\251\253\250\3\8\255\3\8\251\251\254\250\250\3\2\3\252\3\251\253\250\3\6\255\3\6\251\251\254\3\7\7\254\250\116\115\81\115\115\115\159\121\121\136\132\124\132\122\126\132\122\124\121\130\137\126\130\137\122\122\125\121\121\121\138\134\124\130\138\122\126\130\138\122\124\121\130\138\126\130\138\122\122\125\121\116\117\124\122\42\115\202\148\211\239\239\162\211\155\169\148\211\232\183\211\232\155\155\176\253\253\176\148\148\211\211\218\169\4\155\183\4\155\176\148\148\148\211\239\218\169\239\155\183\239\155\169\148\225\183\225\155\155\176\148\148\253\211\162\211\155\169\148\218\204\183\218\204\155\155\176\148\148\239\4\169\211\218\155\183\211\218\155\231\231\176\217\105\39\116\117\158\120\64\115\163\102\102\147\162\177\117\147\182\107\127\147\182\107\122\136\207\5\152\147\172\122\147\122\102\102\152\162\162\117\147\182\107\127\147\182\107\122\102\102\152\162\167\117\147\152\107\127\147\116\116\18\115\115\115\171\32\41\38\42\42\32\29\29\40\33\41\39\42\32\33\37\32\33\41\41\38\42\42\32\30\26\39\33\29\41\37\33\29\41\38\42\42\33\27\25\40\33\41\39\42\33\34\37\33\34\41\41\38\42\42\42\116\117\216\126\22\115\163\254\254\9\177\243\232\155\199\243\232\155\177\144\254\254\199\254\254\155\155\188\144\144\144\254\31\254\177\243\232\155\199\243\232\155\177\144\243\243\199\243\243\155\155\188\144\144\254\116\117\227\126\22\115\204\42\243\177\254\166\188\155\53\210\53\166\166\199\9\42\254\199\155\155\64\188\31\166\210\31\166\199\155\155\155\9\42\9\188\254\86\166\210\254\86\166\188\155\9\243\210\9\243\166\166\199\254\199\155\155\9\42\243\177\254\166\188\155\9\243\210\9\243\166\166\66\66\199\44\124\130\155\155\254\42\20\188\254\64\166\210\254\64\166\116\116\249\115\115\115\167\29\87\46\112\33\33\42\39\35\32\42\40\34\30\42\40\34\29\33\33\37\42\31\42\34\32\33\42\39\30\42\39\34\34\29\33\33\36\39\31\42\34\32\33\37\30\37\34\34\29\33\33\116\115\66\115\115\115\164\115\116\122\109\115\121\107\111\115\121\107\110\106\106\106\118\119\109\115\117\107\111\115\117\107\109\106\115\122\111\115\122\107\107\110\106\106\120\119\109\115\116\107\111\115\116\107\110\106\116\116\241\115\115\115\198\201\194\191\187\200\194\190\202\198\194\190\202\197\192\193\197\201\201\192\189\199\194\202\200\201\194\191\198\194\191\202\202\197\201\201\194\191\185\200\190\202\198\190\202\197\201\201\192\193\199\194\202\200\201\191\191\198\191\191\202\202\197\201\201\187\189\199\194\202\200\201\194\189\198\194\189\202\202\118\118\197\120\136\116\117\61\128\56\115\200\86\69\69\186\238\225\95\186\82\108\69\186\238\134\186\238\82\82\121\55\86\124\69\69\186\212\95\186\82\108\69\186\34\134\186\34\82\82\121\69\69\186\225\95\186\82\108\69\186\186\134\186\186\82\82\121\186\199\121\212\121\69\69\21\95\186\82\108\69\186\225\134\186\225\82\82\121\69\69\69\186\108\21\82\134\116\115\22\115\115\115\179\78\63\65\62\71\78\67\71\78\63\63\147\147\66\145\129\83\71\77\74\66\120\83\145\62\62\62\72\65\78\63\67\78\63\65\62\78\67\78\63\63\66\62\62\71\79\64\71\63\65\62\75\67\75\63\63\66\62\62\62\73\78\65\79\116\117\58\120\64\115\182\7\27\87\7\17\2\47\52\27\47\52\7\7\22\2\2\57\62\12\47\7\17\2\47\87\27\47\87\7\7\22\2\2\2\52\67\42\17\57\7\27\57\7\17\2\47\87\27\47\87\7\7\22\2\2\47\67\12\47\7\17\2\52\42\27\52\42\116\117\200\128\56\115\184\221\221\4\208\208\208\69\134\247\121\221\17\121\221\247\208\108\17\108\221\221\4\208\208\208\69\173\247\69\69\221\17\69\69\221\247\208\173\17\173\221\221\4\82\134\33\33\4\7\55\225\208\208\173\121\234\69\221\247\208\82\82\17\82\82\221\221\4\194\116\116\159\115\115\115\204\132\202\119\119\144\142\136\121\144\120\122\119\142\116\142\120\120\115\119\119\144\136\141\121\144\120\122\119\146\116\146\120\120\115\119\119\119\145\144\140\122\144\141\120\116\144\141\120\122\119\145\143\116\145\143\120\120\115\119\119\145\144\144\122\146\120\116\146\120\115\119\119\144\141\144\122\145\120\116\145\120\115\119\119\145\144\145\121\144\116\116\58\115\115\115\165\97\95\98\105\103\93\105\103\97\97\94\98\98\98\104\105\105\95\105\104\97\93\105\104\97\95\98\104\104\93\104\104\97\97\94\98\98\104\105\105\95\114\97\93\114\97\94\98\98\104\116\116\49\115\115\115\185\1\251\8\2\255\10\6\2\255\10\5\9\9\9\255\1\254\8\249\10\6\249\10\8\9\253\6\253\10\10\54\54\5\56\72\246\2\1\1\5\79\246\56\2\249\253\5\9\9\255\1\2\8\254\10\6\254\10\5\9\9\9\255\255\1\8\255\10\6\255\116\117\175\128\56\115\173\196\222\183\44\135\248\44\135\196\196\235\183\183\183\57\44\109\222\44\122\196\248\44\122\196\222\183\83\248\83\196\196\235\44\109\109\235\183\183\57\44\44\209\44\196\222\183\57\31\248\57\31\196\196\235\183\183\183\116\116\168\115\115\115\153\122\122\120\145\117\143\139\117\143\145\144\119\121\139\119\121\143\143\187\187\140\193\209\123\119\118\115\140\202\123\193\122\116\127\140\144\144\119\116\117\6\136\176\115\176\246\120\11\99\141\78\137\183\137\99\99\162\78\78\78\32\179\141\11\53\99\183\11\53\99\141\78\74\183\74\99\99\162\78\78\32\95\120\11\99\141\78\158\183\158\99\99\71\71\162\29\205\7\78\78\53\179\120\11\99\141\116\117\201\138\26\115\182\97\71\71\212\71\71\120\120\189\151\68\214\97\97\48\94\25\166\48\117\120\212\48\117\120\189\97\97\97\48\94\166\48\163\120\212\48\163\120\166\97\71\48\212\71\48\120\120\189\97\97\71\48\163\143\48\120\166\97\71\48\212\71\48\120\120\189\116\115\166\115\115\115\192\206\206\215\221\220\208\215\207\209\206\216\214\211\216\214\207\207\210\206\206\215\216\209\215\215\207\211\215\215\207\210\206\206\215\221\223\209\223\207\211\223\207\210\215\222\223\210\206\206\215\217\216\209\223\207\211\223\207\210\206\206\215\216\209\215\220\207\211\215\220\207\210\206\206\215\221\216\116\116\73\115\115\115\188\111\90\114\112\113\90\86\110\90\86\114\114\109\113\113\90\84\89\112\90\87\114\110\90\87\114\109\113\113\90\86\111\90\114\112\113\87\89\110\87\89\114\114\109\87\89\89\109\113\113\87\89\84\112\90\85\114\110\90\85\114\109\113\113\113\90\87\112\90\85\114\110\90\116\117\201\120\64\115\184\205\150\160\145\190\185\170\190\185\150\150\165\145\145\145\190\220\220\160\190\200\150\170\190\200\150\160\145\190\210\170\190\210\150\150\165\145\145\195\190\185\160\190\210\150\170\190\210\150\165\145\145\190\200\155\190\150\160\145\195\185\170\195\185\150\150\165\145\145\116\115\168\115\115\115\181\217\223\225\211\217\225\209\213\217\225\209\212\217\222\224\212\208\208\217\219\211\224\209\213\224\209\212\208\208\218\216\223\210\217\209\211\208\218\217\213\218\217\209\209\212\218\216\216\212\208\208\208\217\218\211\217\217\209\213\217\217\209\211\208\217\218\116\115\88\115\115\115\154\133\137\138\129\129\132\128\128\138\138\143\130\137\129\131\128\141\133\141\129\129\132\137\144\138\132\128\128\137\138\130\137\129\131\128\137\144\133\137\116\116\24\115\115\115\174\16\255\255\252\7\16\9\252\0\0\0\10\7\4\1\15\255\251\15\255\1\0\6\251\6\255\255\252\0\0\7\10\2\7\255\1\0\7\6\251\7\6\255\255\252\0\0\0\7\5\5\1\7\6\255\251\7\6\255\116\116\231\115\115\115\154\210\207\182\204\182\208\208\203\207\207\185\183\182\210\184\181\208\204\184\181\208\124\124\203\130\146\188\207\207\207\181\210\186\208\204\186\208\210\207\116\117\26\132\100\115\170\91\125\23\91\125\211\211\6\156\39\69\227\193\6\194\194\108\125\176\245\142\211\23\142\211\6\194\194\91\210\125\228\91\211\245\194\227\23\227\211\211\6\91\142\125\6\194\194\108\125\159\245\91\176\211\116\116\214\115\115\115\167\193\197\200\189\194\190\190\197\202\200\188\197\189\187\190\205\193\205\189\189\194\190\190\197\201\200\188\197\189\187\190\197\200\193\197\200\189\189\194\190\190\190\205\205\187\197\196\189\193\197\196\189\116\116\74\115\115\115\159\111\114\87\109\87\113\113\110\88\87\85\110\89\87\97\110\114\114\89\87\83\112\89\113\111\114\89\86\109\89\86\113\113\110\114\114\88\87\98\111\88\113\109\88\116\117\82\128\56\115\160\103\142\207\16\29\142\207\29\246\142\90\90\90\220\233\3\129\207\246\103\155\207\246\103\129\90\207\29\155\207\29\103\103\142\207\246\246\142\90\90\207\29\29\116\207\116\117\184\134\142\115\154\195\233\176\129\15\129\195\195\252\176\176\110\129\186\214\91\195\233\176\91\186\15\91\186\195\195\252\176\176\91\148\186\233\148\195\15\148\195\252\116\116\50\115\115\115\207\10\10\1\255\253\8\1\9\7\10\0\255\5\0\255\9\9\6\10\10\0\255\253\8\1\9\7\10\252\5\252\9\9\6\10\10\1\251\2\8\1\9\7\10\1\255\5\1\255\9\9\6\10\10\1\250\255\7\1\253\9\5\1\253\9\6\10\10\0\255\250\7\1\1\9\5\1\1\9\6\10\10\1\250\252\7\1\255\9\5\1\255\116\116\128\115\115\115\198\151\148\152\152\175\173\175\154\175\151\153\152\174\147\174\151\151\148\152\152\178\172\171\153\175\173\151\147\175\173\151\148\152\152\175\167\172\153\175\177\151\147\175\177\151\148\152\152\175\172\174\153\175\168\151\147\175\168\151\148\152\152\152\178\177\171\153\175\174\151\147\175\174\151\153\152\175\173\147\175\173\151\151\116\116\47\115\115\115\182\3\7\7\7\0\251\1\10\0\1\8\4\0\1\8\10\7\0\253\4\0\253\8\8\3\7\7\0\251\0\9\0\8\10\7\252\4\252\8\8\3\1\2\253\3\0\251\254\3\0\253\247\3\7\7\7\1\2\247\10\0\255\8\4\0\255\8\116\115\190\115\115\115\173\233\230\239\246\235\239\246\231\231\234\230\230\230\239\247\243\233\239\246\231\235\239\246\231\233\230\239\243\235\239\243\231\231\234\230\230\239\246\238\232\239\231\233\230\240\241\235\240\241\231\231\234\240\241\246\234\230\230\116\116\170\115\115\115\178\121\130\121\143\121\119\145\141\121\119\145\142\146\146\121\116\130\144\121\145\143\146\121\119\141\121\119\145\145\142\146\146\146\120\119\115\143\120\145\141\120\145\143\146\121\121\141\121\121\145\145\142\121\116\121\142\121\117\121\142\120\119\117\116\115\251\115\115\115\155\39\35\35\44\48\43\37\44\36\38\35\44\51\40\44\51\36\36\39\35\35\44\50\51\37\44\36\38\35\49\40\49\36\36\39\35\35\45\46\49\116\117\57\126\22\115\207\7\84\252\18\241\84\106\40\84\106\252\252\29\241\241\84\150\117\7\84\252\18\241\117\40\117\252\252\29\241\241\241\84\139\150\18\84\172\252\40\84\172\252\18\241\84\117\40\84\117\252\252\29\241\241\241\95\106\128\18\84\161\252\40\84\161\252\18\241\84\84\40\84\84\252\252\29\241\241\241\84\172\117\18\117\252\40\117\252\18\241\106\116\115\166\115\115\115\202\211\217\207\207\210\206\206\215\218\223\208\215\207\209\206\215\220\211\215\220\207\207\210\206\206\216\218\219\209\221\207\211\221\207\210\206\206\206\215\223\218\209\215\217\207\211\215\217\207\209\206\215\220\211\215\220\207\207\210\206\206\215\218\220\208\215\207\209\206\223\211\223\207\207\210\216\217\219\210\206\206\215\218\222\209\215\221\116\115\18\115\115\115\191\59\63\67\73\59\62\58\58\58\67\72\71\61\69\59\63\69\59\61\58\67\68\63\67\68\59\59\62\68\69\71\62\58\58\58\67\72\67\61\67\67\59\63\67\67\59\61\58\73\63\73\59\59\62\58\58\58\67\72\72\61\67\67\59\63\67\67\59\61\58\67\67\63\67\67\59\116\116\22\115\115\115\191\253\2\254\254\254\4\10\9\251\3\253\1\3\253\251\254\13\1\13\253\253\2\254\254\254\5\13\10\251\5\8\253\1\5\8\253\251\254\4\4\1\4\4\253\253\2\254\254\254\5\8\6\251\5\14\253\1\5\14\253\251\254\5\7\1\5\7\253\253\81\81\2\75\59\17\254\116\116\1\115\115\115\157\25\42\23\50\26\24\25\41\22\41\26\26\21\95\38\104\25\25\42\48\24\50\44\26\22\50\44\26\21\25\25\50\50\49\23\50\26\24\25\47\47\22\116\116\162\115\115\115\207\144\144\121\121\118\122\122\145\144\137\120\145\121\119\122\145\138\117\145\138\121\121\118\145\144\141\118\122\122\122\139\141\119\142\121\117\142\121\119\122\144\144\117\144\144\121\121\118\122\122\122\145\144\146\119\145\141\121\117\145\141\121\119\122\143\117\143\121\121\118\122\122\145\144\137\119\145\138\121\117\145\138\121\197\197\118\199\183\133\122\122\137\116\115\158\115\115\115\161\214\201\214\199\203\214\199\202\0\219\25\198\198\198\207\214\208\201\213\199\203\213\199\201\198\210\203\210\199\199\202\198\198\198\207\215\215\201\214\199\203\214\199\201\198\207\116\117\48\118\30\115\174\201\183\195\201\171\171\180\168\168\198\195\216\174\195\171\177\168\213\183\213\171\171\180\168\168\198\195\204\177\195\210\171\183\195\210\171\180\168\168\195\213\204\177\195\210\171\183\195\210\171\180\168\168\195\219\207\177\195\195\116\116\128\115\115\115\189\151\147\175\175\151\148\152\152\175\167\174\154\175\151\153\152\178\178\147\178\178\151\151\148\152\152\152\175\167\167\153\177\151\147\177\151\153\152\175\178\147\175\178\151\151\148\152\152\152\178\176\174\153\175\172\151\147\175\172\151\153\152\175\178\147\175\178\151\151\227\227\148\233\217\116\117\161\120\64\115\180\210\105\105\150\165\180\120\180\110\130\180\110\125\139\210\8\105\105\155\160\150\120\150\145\110\130\150\145\110\125\105\105\105\155\165\185\120\150\150\110\130\150\150\110\120\105\175\130\175\110\110\125\105\105\105\150\150\120\150\150\110\130\150\150\110\116\116\135\115\115\115\202\178\175\153\152\172\153\152\176\176\171\175\175\175\150\178\147\176\172\147\176\178\175\154\172\154\176\176\171\175\175\175\153\153\154\178\152\151\176\172\152\151\176\178\175\154\172\154\176\176\171\175\175\153\147\147\177\152\176\178\175\152\151\172\152\151\176\176\171\175\175\175\153\147\148\178\152\153\176\172\152\153\176\178\175\150\172\150\116\115\20\115\115\115\157\61\61\64\60\60\70\72\76\62\69\61\63\60\76\65\76\61\61\64\60\60\70\73\73\62\69\61\63\60\70\70\65\70\70\61\61\145\145\64\143\127\81\116\115\157\115\115\115\156\197\197\197\206\210\214\200\206\205\198\202\206\205\198\200\197\207\207\202\207\207\198\198\201\255\218\24\207\209\208\201\197\197\197\209\200\206\214\198\202\206\116\116\170\115\115\115\163\129\145\143\146\115\141\115\145\145\142\146\146\146\120\119\143\121\119\145\141\121\119\145\143\146\120\122\141\120\122\145\145\142\121\129\142\146\146\120\120\117\143\130\145\141\130\145\142\116\116\227\115\115\115\175\203\203\203\180\183\206\180\187\204\208\180\187\204\206\203\180\184\208\180\184\204\204\207\203\203\181\182\206\180\185\204\208\180\185\204\128\128\207\126\142\192\203\203\186\185\206\180\182\204\208\180\182\204\207\133\192\126\203\203\180\116\116\38\115\115\115\193\248\246\12\245\13\11\14\245\250\17\245\250\13\13\18\14\14\245\247\247\12\245\13\11\14\245\244\17\245\244\13\13\18\14\14\245\253\248\11\245\243\13\17\245\243\13\18\14\14\245\253\244\12\245\13\11\14\243\17\243\13\13\18\14\14\245\249\244\11\245\247\13\17\245\247\13\18\14\116\117\12\122\42\115\193\36\36\99\141\113\57\99\113\43\71\99\113\43\57\36\99\141\71\99\141\43\43\64\36\36\99\141\120\50\99\43\57\36\155\71\155\43\43\64\36\36\36\99\141\141\57\134\43\71\134\43\57\36\106\92\71\106\92\43\43\64\36\36\99\148\120\57\155\43\71\155\43\119\119\64\105\249\183\116\115\181\115\115\115\176\221\221\221\230\230\235\224\231\222\226\231\222\224\221\230\235\226\230\235\222\222\225\23\242\48\221\221\221\231\229\236\224\230\231\222\226\230\231\222\224\221\231\232\226\231\232\222\222\225\221\221\238\229\224\230\235\222\226\230\235\222\116\116\36\115\115\115\207\16\12\12\245\249\13\246\11\15\246\11\16\246\247\245\16\12\12\252\251\13\251\11\15\251\11\16\12\12\12\244\13\243\245\11\15\243\245\11\13\12\243\244\15\243\244\11\11\16\12\12\243\244\14\243\11\13\12\243\250\15\243\250\11\11\16\12\12\12\246\244\251\13\245\11\15\245\11\13\12\247\15\247\11\11\16\12\12\12\252\251\13\116\117\28\134\142\115\192\68\39\115\68\39\77\20\191\210\115\191\210\39\39\96\20\20\210\248\87\77\191\87\39\115\191\87\39\96\20\20\20\210\248\49\77\49\39\115\49\39\77\20\68\115\68\39\39\96\87\210\96\210\191\96\20\20\210\68\77\191\11\39\115\191\11\39\96\20\20\20\68\87\77\229\39\115\116\115\50\115\115\115\156\101\91\93\90\103\95\103\91\91\94\90\90\90\100\103\102\93\99\102\91\95\99\102\91\93\90\101\95\101\91\91\94\90\90\101\99\93\99\106\91\95\116\115\1\115\115\115\200\50\57\42\45\41\41\58\49\43\50\42\44\41\50\57\46\50\57\42\42\45\41\41\49\44\50\55\42\46\50\55\42\45\41\41\51\53\54\43\50\42\44\41\50\50\46\50\50\42\42\45\41\41\57\58\43\50\42\44\41\50\55\46\50\55\42\42\45\41\41\41\51\53\44\50\50\42\46\50\50\42\44\41\50\55\116\116\87\115\115\115\182\60\72\69\64\64\59\63\63\74\70\66\72\67\64\60\72\67\64\59\63\63\63\80\73\66\72\67\64\60\72\67\64\66\63\72\79\60\72\79\64\64\59\63\63\67\71\66\72\67\64\60\72\67\64\59\63\63\73\68\66\69\64\60\69\64\59\63\116\116\80\115\115\115\188\104\104\87\87\105\88\103\99\88\103\105\104\98\98\99\98\98\103\103\100\104\104\92\88\105\95\87\103\99\95\87\103\100\104\104\96\106\95\103\105\104\87\99\87\103\103\100\104\104\104\88\87\105\95\87\103\99\95\87\103\105\104\95\97\99\95\97\103\103\100\104\104\98\116\116\36\115\115\115\187\247\246\13\243\247\11\15\243\247\11\16\12\12\12\246\247\243\13\243\243\11\15\243\243\11\13\12\243\252\15\243\252\11\11\16\12\12\12\251\244\13\243\245\11\15\243\245\11\13\12\246\244\15\246\244\11\11\16\12\12\243\13\243\244\11\15\243\244\11\16\12\12\116\116\34\115\115\115\198\16\16\247\16\249\245\16\249\246\250\250\9\16\248\17\249\247\250\16\18\245\16\18\249\249\246\250\250\14\9\248\17\249\247\250\17\11\245\17\11\249\249\246\250\250\15\14\247\12\249\245\12\249\246\250\250\250\9\16\247\12\249\245\12\249\247\250\16\17\245\16\17\249\249\246\250\250\15\13\248\17\249\247\116\116\19\115\115\115\152\251\4\8\0\4\8\252\252\255\5\5\255\251\251\12\4\253\4\252\254\251\8\0\8\252\252\255\251\251\251\4\8\254\4\10\252\0\116\117\243\134\142\115\176\150\8\254\36\235\27\74\27\254\254\55\235\235\235\226\36\150\27\254\74\150\27\254\36\235\150\8\74\150\8\254\254\55\235\235\27\46\17\150\254\36\235\169\169\74\169\169\254\254\55\235\235\235\207\36\150\27\254\74\150\27\116\115\50\115\115\115\172\91\93\90\105\95\105\91\91\94\90\90\90\101\100\93\103\91\95\103\91\93\90\106\95\106\91\91\94\90\90\107\98\92\99\91\93\90\99\99\95\99\99\91\91\94\90\90\90\100\106\93\99\100\91\95\99\100\116\116\72\115\115\115\175\111\113\112\87\90\107\87\90\111\111\108\112\112\90\87\113\87\87\111\107\87\87\111\108\112\112\96\95\114\87\111\113\112\87\84\107\87\84\111\111\108\112\112\84\96\113\87\83\111\107\87\83\111\108\112\112\89\114\87\111\116\116\228\115\115\115\174\205\204\186\207\186\203\203\208\204\204\204\187\187\205\184\203\207\184\203\205\204\179\181\207\179\181\203\203\208\204\204\184\188\206\179\203\205\204\183\207\183\203\203\208\204\204\180\205\179\186\203\207\179\186\203\208\188\187\208\116\115\168\115\115\115\180\208\208\218\211\221\209\213\221\209\212\208\208\217\225\210\217\209\211\208\223\213\223\209\209\212\208\208\224\225\211\224\209\213\224\209\212\208\208\217\221\211\217\219\209\213\217\219\209\212\218\216\212\208\208\225\225\210\217\209\211\208\217\219\213\217\116\115\88\115\115\115\152\139\129\129\132\128\128\140\144\131\141\129\133\141\129\132\128\128\137\140\130\137\129\131\128\137\138\133\137\138\129\129\213\213\132\211\195\149\116\117\86\136\176\115\156\158\158\91\196\175\221\91\91\179\7\91\91\179\242\96\87\109\158\158\112\154\3\200\91\179\221\158\91\196\7\91\196\179\179\242\158\158\91\70\221\91\116\117\86\134\142\115\184\50\97\173\249\50\97\154\78\78\12\145\135\31\97\173\31\97\154\78\78\12\69\135\50\97\173\50\97\154\78\78\12\50\249\116\249\97\135\78\145\173\145\97\97\154\78\78\88\116\249\97\135\78\126\173\126\97\97\154\78\78\107\135\249\230\97\173\249\230\116\115\145\115\115\115\204\186\189\185\185\194\193\187\194\186\188\185\195\193\190\195\193\186\186\189\194\200\14\14\189\12\252\206\185\185\194\199\202\187\194\186\188\185\200\190\200\186\186\189\243\206\12\185\185\195\198\196\187\194\186\188\185\201\190\201\186\186\189\185\185\185\194\197\188\194\196\186\190\194\196\186\188\185\194\198\190\194\198\186\186\189\185\185\196\196\116\117\232\126\22\115\154\182\3\171\193\160\14\3\215\14\3\171\171\204\160\160\14\91\182\3\171\193\160\58\215\58\171\171\204\160\160\160\14\25\47\193\3\69\171\215\116\117\3\122\42\115\178\90\132\34\48\27\146\62\146\34\34\55\27\27\27\97\111\48\90\125\34\62\90\125\34\48\27\146\62\146\34\34\55\27\27\27\104\104\48\146\34\62\146\34\48\27\146\62\146\34\34\110\110\55\96\240\174\27\27\27\90\125\97\48\116\116\86\115\115\115\183\69\68\61\65\69\68\61\59\62\69\72\65\69\72\61\61\66\244\81\11\69\70\66\62\62\68\68\59\69\77\61\65\69\77\61\66\62\62\68\68\60\69\61\59\62\69\77\65\69\77\61\61\66\62\62\69\78\59\69\73\61\65\69\73\61\66\68\69\116\115\136\115\115\115\199\180\176\176\186\186\184\178\185\177\179\176\188\181\188\177\177\180\176\176\186\184\193\178\185\177\179\176\185\185\181\185\185\177\177\180\176\176\186\184\193\178\185\177\179\176\185\185\181\185\185\177\177\180\176\176\186\184\178\185\177\179\176\187\181\187\177\177\180\176\176\187\178\185\177\179\176\185\184\181\185\184\177\177\180\116\116\88\115\115\115\164\74\67\60\64\64\64\74\72\80\65\68\63\59\68\63\65\64\71\74\59\71\74\63\63\60\79\60\64\64\64\71\71\65\71\71\63\59\71\71\63\65\64\71\71\59\71\71\63\63\116\115\163\115\115\115\187\207\213\213\207\203\203\212\211\205\212\204\206\203\213\211\208\213\211\204\204\207\203\203\213\214\205\212\204\206\203\212\213\208\212\213\204\204\207\215\207\203\203\213\214\205\212\204\206\203\220\208\220\204\204\207\203\203\213\212\205\212\204\206\203\212\215\208\212\215\204\204\207\116\116\226\115\115\115\151\186\186\203\184\209\185\183\186\209\201\181\209\201\185\185\182\208\210\182\186\186\205\184\209\185\183\186\208\209\181\208\209\185\185\182\186\116\115\168\115\115\115\167\208\208\217\223\211\217\225\209\213\217\225\209\211\208\217\216\213\217\216\209\209\212\217\222\212\218\218\212\208\208\223\211\222\209\213\222\209\212\208\208\208\217\222\211\220\209\213\220\209\211\208\217\116\117\144\126\22\115\198\182\127\171\182\83\83\116\72\72\182\182\94\171\83\105\72\171\182\127\171\182\83\83\116\72\72\182\160\248\105\171\215\83\127\171\215\83\116\72\72\72\215\105\3\83\127\3\83\105\72\215\127\215\83\83\116\72\72\171\237\94\171\83\105\72\171\215\127\171\215\83\83\116\72\72\72\171\215\105\171\193\83\127\116\116\24\115\115\115\177\7\9\255\1\0\7\9\251\7\9\255\255\252\10\8\15\252\0\0\10\9\10\2\7\255\1\0\4\251\4\255\255\252\0\0\7\7\1\10\255\251\10\255\252\0\0\10\6\2\7\255\1\0\10\8\251\10\8\255\255\252\0\116\117\159\132\100\115\164\71\241\2\241\122\70\88\156\70\88\139\71\71\71\224\70\122\36\88\156\36\88\122\71\224\224\156\224\224\88\88\139\71\71\241\53\105\224\88\122\71\224\224\156\224\224\88\88\139\116\117\137\122\42\115\200\161\161\231\224\252\175\224\168\182\161\224\10\196\224\10\168\168\189\161\161\231\224\252\175\224\168\182\161\224\245\196\224\245\168\168\189\161\161\161\231\224\217\182\17\168\196\17\168\182\161\10\196\10\168\168\189\161\161\231\217\24\182\238\168\196\238\168\189\231\238\231\189\161\161\161\224\224\182\3\168\196\3\168\182\161\116\117\240\120\64\115\157\229\239\209\229\239\189\189\204\184\184\234\254\194\229\189\199\184\229\249\209\229\249\189\189\204\234\239\234\204\184\184\184\229\3\199\229\244\189\209\229\244\189\116\116\10\115\115\115\196\47\50\24\24\45\24\24\49\49\46\50\50\24\20\48\25\49\47\50\19\45\19\49\49\46\50\50\24\26\33\48\25\49\47\50\25\34\45\25\34\49\49\46\50\50\24\26\48\25\49\47\50\19\45\19\49\49\46\50\50\19\47\25\33\49\45\25\33\49\46\34\46\24\25\46\50\50\50\24\26\33\116\115\1\115\115\115\202\44\51\42\46\51\42\44\41\51\51\46\51\51\42\42\45\41\41\50\49\44\50\57\42\46\50\57\42\45\41\41\56\44\50\55\42\46\50\55\42\45\41\41\52\44\55\42\46\55\42\45\41\41\41\55\44\58\42\46\58\42\44\41\50\50\46\50\50\42\42\45\41\41\51\50\43\50\42\44\41\50\52\46\50\52\42\42\116\117\215\128\56\115\179\19\223\223\97\71\188\6\84\188\236\32\84\188\236\19\223\223\84\136\249\84\236\6\223\84\149\32\84\149\236\236\19\223\223\110\249\84\236\6\223\84\162\32\84\162\236\236\19\223\223\84\84\6\188\236\32\188\236\19\223\223\84\149\6\116\117\126\134\142\115\186\166\137\213\166\137\194\118\118\118\52\14\185\175\33\71\137\213\33\71\137\175\118\166\213\166\137\137\194\118\118\52\71\52\175\90\137\213\90\137\194\118\118\118\33\33\175\109\137\213\109\137\175\118\52\71\213\52\71\137\137\194\118\118\52\128\175\52\137\213\52\137\116\115\31\115\115\115\204\75\71\71\83\73\80\72\74\71\84\76\84\72\72\75\71\71\80\83\74\80\87\72\76\80\87\72\75\71\71\80\86\74\80\81\72\76\80\81\72\75\71\71\84\74\80\83\72\76\80\83\72\75\71\71\80\82\74\80\86\72\76\80\86\72\156\156\75\154\138\92\71\71\81\88\73\80\72\74\71\88\76\88\72\72\75\129\92\154\116\115\246\115\115\115\156\39\40\38\34\30\30\30\40\33\39\44\31\35\39\44\31\33\30\39\41\35\39\41\31\31\34\30\30\39\47\41\33\39\44\31\35\39\44\31\34\30\116\116\201\115\115\115\159\241\218\212\226\239\218\242\240\241\215\217\238\215\217\242\242\237\241\241\211\240\218\213\242\238\218\213\242\237\241\241\218\211\217\239\218\242\240\241\211\238\211\242\242\116\116\147\115\115\115\199\127\123\123\132\140\138\125\132\124\126\123\133\132\128\133\132\124\124\127\123\123\136\126\138\124\128\138\124\127\123\123\123\132\137\132\126\132\135\124\128\132\135\124\126\123\137\128\137\124\124\127\123\123\132\139\134\125\132\124\126\123\133\131\128\133\131\124\124\127\123\123\123\134\126\137\124\128\137\124\126\123\132\131\128\116\117\162\134\142\115\206\69\50\173\173\230\69\202\145\230\88\50\69\230\88\230\154\154\69\164\183\192\69\173\211\154\69\183\249\69\183\173\173\230\154\154\69\202\221\192\69\173\211\154\221\249\221\173\173\230\154\154\145\192\69\173\211\154\88\50\249\88\50\173\173\230\154\154\154\88\69\202\211\69\202\173\249\69\202\173\211\154\69\69\249\69\69\173\173\230\154\154\116\116\70\115\115\115\176\84\85\94\107\84\109\113\84\109\114\110\110\84\108\85\109\107\110\89\113\89\109\109\114\110\110\110\85\93\83\107\85\83\109\113\85\83\109\107\110\83\113\83\109\109\114\110\110\84\86\88\107\85\83\109\113\85\83\109\114\110\116\115\166\115\115\115\186\206\206\219\209\219\207\211\219\207\209\206\216\215\211\216\215\207\207\210\206\206\216\214\223\208\215\207\209\206\218\211\218\207\207\210\206\206\215\223\218\208\215\207\209\206\218\211\218\207\207\210\206\206\215\216\216\208\215\207\209\206\215\221\211\215\221\207\207\210\206\206\116\116\141\115\115\115\180\159\158\163\158\166\164\165\159\170\159\166\166\218\218\169\212\228\154\165\165\162\158\164\158\159\166\170\158\159\166\169\235\154\212\158\161\155\169\165\165\165\155\158\164\158\158\166\170\158\158\166\164\165\155\158\170\155\158\166\166\169\165\165\165\155\116\116\43\115\115\115\170\251\2\6\2\4\8\2\4\6\3\253\251\8\253\251\4\4\7\3\3\3\252\243\255\6\244\4\8\244\4\6\3\253\253\8\253\253\4\4\7\3\3\252\255\255\5\252\4\6\3\252\255\8\252\255\116\117\47\122\42\115\177\78\78\99\71\71\183\148\92\155\78\106\155\78\99\71\71\141\155\92\134\127\78\106\134\127\78\99\71\71\141\134\162\85\134\78\92\71\134\127\106\134\127\78\78\99\71\71\71\141\127\134\92\134\134\78\106\134\134\78\92\71\148\116\116\81\115\115\115\183\102\96\106\106\101\105\105\95\89\103\98\106\104\105\89\102\89\106\106\101\98\89\95\101\105\105\95\98\90\103\98\106\104\105\98\90\102\98\90\106\106\101\105\105\95\94\104\89\106\102\89\106\101\95\95\89\101\105\105\98\89\89\104\98\97\106\102\98\116\117\15\132\100\115\160\63\200\251\97\131\251\183\183\80\216\80\217\80\200\234\183\80\80\12\80\80\200\200\251\183\183\97\63\80\234\199\200\12\199\200\251\97\131\251\183\183\97\114\131\234\116\117\32\122\42\115\161\154\63\91\154\63\84\56\56\126\126\175\70\119\63\77\56\126\126\91\126\126\63\63\84\126\140\84\56\56\56\119\168\175\77\168\63\91\168\63\77\56\154\91\154\63\63\116\116\216\115\115\115\198\188\192\192\202\199\199\194\199\191\193\192\207\187\207\191\191\188\192\192\202\197\194\199\191\193\192\198\187\198\191\191\188\192\192\202\196\200\193\199\195\191\187\199\195\191\188\192\192\202\196\200\193\199\196\191\187\199\196\191\188\192\192\192\202\196\193\199\207\191\187\199\207\191\193\192\199\201\187\199\201\191\191\188\116\116\186\115\115\115\153\226\226\226\232\232\229\223\233\232\225\221\233\232\225\223\226\233\241\221\233\241\225\225\222\233\241\233\222\226\226\232\229\224\233\225\223\226\241\116\116\32\115\115\115\204\243\7\247\247\244\248\248\15\8\13\250\15\247\249\248\15\12\243\15\12\247\247\244\248\248\15\7\11\250\15\247\249\248\18\18\243\18\18\247\247\67\67\244\73\57\3\248\248\15\11\7\250\15\247\249\248\15\13\243\15\13\247\247\244\66\3\73\248\248\248\18\15\249\15\7\247\243\15\7\247\249\248\15\14\243\15\14\247\247\116\117\142\126\22\115\167\114\70\70\180\180\213\92\169\81\103\70\235\125\235\81\81\114\70\70\70\169\224\103\169\1\81\125\169\1\81\103\70\169\235\125\169\235\81\81\114\169\246\114\70\70\180\191\224\92\169\81\103\116\117\248\132\100\115\159\160\125\245\125\177\177\228\160\160\74\57\211\57\176\177\245\57\176\177\228\160\160\74\57\108\211\142\177\245\142\177\228\74\91\74\228\57\159\228\160\160\160\108\211\116\115\186\115\115\115\156\241\227\231\241\227\229\226\240\231\240\227\227\230\226\226\235\238\229\235\237\227\231\235\237\227\230\226\226\226\236\238\241\229\235\234\227\231\235\234\227\229\116\117\56\122\42\115\162\80\150\143\115\150\143\87\87\108\80\80\157\101\157\87\115\157\87\108\80\80\150\164\192\94\143\87\101\80\143\136\115\143\136\87\87\108\80\80\150\143\143\101\192\87\115\192\116\116\214\115\115\115\159\189\145\145\194\139\123\209\195\199\194\116\209\139\190\190\197\198\205\188\197\189\187\190\195\193\195\189\189\194\190\190\197\197\197\187\205\189\193\205\189\194\190\190\197\116\117\1\134\142\115\157\240\145\31\164\12\50\249\164\60\88\164\60\12\12\69\249\249\249\164\164\145\50\41\12\88\41\12\50\249\164\145\88\164\145\12\12\69\249\249\164\240\41\116\117\172\128\56\115\190\219\54\193\245\54\193\232\180\180\180\41\67\132\219\54\193\245\54\193\219\180\41\106\245\41\106\193\193\232\180\180\145\80\206\41\193\219\180\41\67\245\41\67\193\193\232\180\180\41\93\54\219\132\193\245\132\193\232\180\180\41\41\67\219\132\193\245\132\193\232\180\180\145\67\206\116\117\239\128\56\115\186\108\4\30\247\147\56\147\4\4\43\247\247\247\108\95\186\30\160\4\56\160\4\30\247\121\95\56\121\95\4\4\43\247\247\108\121\134\30\147\4\56\147\4\43\247\247\108\108\212\17\108\4\30\247\121\95\56\121\95\4\4\43\247\247\108\95\134\30\147\4\56\116\117\48\128\56\115\194\212\69\108\173\225\199\137\137\108\111\159\73\56\56\173\21\8\95\225\69\121\225\69\108\42\73\111\56\56\56\212\8\95\173\251\69\121\173\251\69\95\56\173\212\121\173\212\69\69\108\56\56\56\225\186\95\173\251\69\121\173\251\69\95\56\186\186\121\186\186\69\69\108\56\56\56\173\21\95\116\116\250\115\115\115\159\41\38\33\29\41\38\33\31\34\39\29\39\33\33\30\34\34\38\49\31\41\49\33\29\41\49\33\30\34\34\34\40\37\42\31\41\38\33\29\41\38\33\31\34\116\116\143\115\115\115\207\155\164\155\168\168\163\167\167\167\160\156\170\157\168\164\157\168\170\167\160\152\164\160\152\168\168\163\167\167\167\161\160\170\157\168\164\157\168\170\167\160\155\164\160\155\168\168\163\167\167\156\156\170\151\168\164\151\168\163\167\167\155\161\170\156\168\164\156\168\163\167\167\161\155\157\169\160\168\170\167\160\151\164\160\151\168\168\212\212\212\137\182\116\117\33\138\26\115\172\130\78\210\121\150\196\26\64\205\164\205\107\95\23\185\185\228\254\136\136\136\44\136\136\136\208\208\124\156\75\164\3\6\141\144\26\3\185\61\118\3\245\32\219\141\58\248\104\6\176\208\7\1\1\213\26\6\116\116\175\115\115\115\173\208\195\143\216\202\223\233\236\223\196\235\202\192\232\209\116\214\238\218\190\199\226\220\198\120\123\188\123\237\193\185\135\135\123\138\130\132\130\136\136\212\218\235\194\197\227\216\221\187\230\240\224\210\232\212\169\143\143\116\115\147\115\115\115\160\255\2\246\244\255\179\8\202\196\217\255\255\7\5\219\254\203\1\3\6\208\10\251\230\232\2\204\199\8\199\217\5\13\187\187\201\190\196\195\192\196\195\188\188\157\116\116\248\115\115\115\192\24\24\92\93\89\87\92\24\72\71\99\77\93\83\111\112\80\62\82\105\69\43\32\32\39\34\39\31\33\32\42\40\27\42\40\31\31\2\24\24\101\96\95\92\83\24\72\71\99\77\93\83\111\112\80\62\82\105\69\44\43\25\79\97\72\66\51\72\91\52\97\103\63\90\30\90\24\116\115\200\115\115\115\164\44\55\210\232\232\232\232\52\55\43\41\52\232\54\28\248\20\253\59\51\255\46\21\5\33\51\24\18\13\24\53\12\51\57\17\42\246\42\35\24\25\61\39\55\45\65\64\32\22\116\115\240\115\115\115\200\74\99\71\77\29\73\91\64\58\53\64\93\52\91\97\57\82\30\91\250\16\16\16\16\89\86\16\94\68\32\60\37\99\91\39\86\61\44\24\24\24\32\27\34\25\29\34\25\27\24\33\41\29\33\41\25\25\16\100\88\85\94\16\94\68\32\60\37\99\91\39\86\61\45\94\68\32\60\37\99\91\39\86\61\27\116\117\231\118\30\115\156\95\95\125\134\137\101\122\98\104\95\140\110\140\98\98\71\22\49\19\5\71\71\71\71\70\140\122\185\43\43\67\61\191\40\143\49\55\64\158\70\140\116\115\154\115\115\115\155\203\224\6\6\14\12\226\5\210\8\10\13\200\200\13\14\12\3\8\1\200\253\2\251\12\194\8\238\202\230\207\13\5\209\0\231\195\164\186\186\116\115\50\115\115\115\175\82\82\130\131\167\145\161\151\171\170\138\128\140\165\137\111\130\131\167\145\161\151\171\170\138\128\140\165\137\93\90\90\90\99\93\99\105\91\95\99\105\91\93\90\100\99\95\100\99\91\91\60\82\82\151\160\150\60\82\82\116\117\250\126\22\115\168\158\191\59\37\158\90\246\95\230\10\125\169\12\114\147\7\230\70\32\202\12\54\153\178\178\205\147\106\40\241\106\169\230\147\213\29\48\244\147\200\178\178\43\43\211\43\189\233\43\189\189\211\178\116\117\248\138\26\115\176\144\95\233\190\95\167\213\144\118\141\3\118\141\167\167\167\75\144\144\118\187\95\213\141\167\3\141\167\213\144\144\95\190\95\167\213\144\118\95\3\118\95\167\167\222\216\216\172\241\221\175\172\216\57\135\253\63\250\43\224\224\116\115\10\115\115\115\188\95\110\89\100\96\61\71\133\92\92\81\114\108\116\76\86\59\78\77\114\50\105\81\101\50\112\127\120\109\126\115\121\120\50\51\118\121\109\107\118\42\117\71\50\50\59\61\67\52\59\51\53\50\61\55\61\51\51\69\118\121\109\107\118\42\108\71\133\60\63\62\54\60\116\115\75\115\115\115\184\128\128\119\125\128\126\119\115\115\115\125\127\127\118\124\125\116\120\124\125\116\118\115\124\130\120\124\130\116\116\119\115\115\125\127\132\118\131\116\120\131\116\119\115\115\125\127\125\118\124\124\116\120\124\124\116\200\134\177\186\189\107\180\136\115\115\124\117\124\116\117\233\120\64\115\185\182\192\177\6\202\6\182\182\197\152\211\137\221\20\137\5\20\216\206\5\137\55\26\211\176\246\186\202\0\16\137\246\231\137\55\21\177\177\217\192\222\247\182\202\222\247\182\137\45\241\226\15\137\55\26\55\192\177\177\177\227\242\247\192\242\182\202\242\182\192\116\115\210\115\115\115\185\250\3\2\255\3\2\251\251\242\55\64\54\13\242\52\45\59\47\15\69\70\68\59\64\57\0\53\58\51\68\250\72\251\242\55\64\54\13\242\68\55\70\71\68\64\242\70\51\52\62\55\0\53\65\64\53\51\70\250\52\251\242\55\64\54\251\250\251\47\254\116\116\138\115\115\115\186\168\190\161\162\168\172\172\168\190\153\152\153\168\172\172\168\190\153\153\148\168\172\172\168\190\153\154\153\168\177\178\213\147\153\196\238\238\214\216\210\239\162\236\218\215\174\178\178\153\176\153\177\175\178\148\173\148\177\177\174\167\213\147\153\196\238\238\214\216\210\239\116\116\16\115\115\115\201\24\102\96\97\39\83\10\48\48\110\101\98\48\62\114\100\82\55\81\76\95\19\40\40\31\41\31\31\39\35\31\31\39\36\49\109\71\81\63\70\75\56\56\59\108\69\58\62\33\48\108\101\48\109\71\81\63\70\75\56\56\59\108\69\58\62\33\57\62\114\100\82\55\81\76\95\51\19\40\109\71\81\63\70\75\56\116\116\13\115\115\115\201\53\66\113\72\51\63\28\52\63\107\105\75\54\76\81\94\58\36\97\72\81\29\102\106\95\101\100\80\81\113\27\93\95\33\38\50\37\37\27\34\31\35\30\38\36\37\27\30\42\27\30\38\38\45\114\103\113\3\45\45\54\100\61\67\82\61\106\81\100\94\70\107\39\100\26\97\72\81\29\102\106\95\101\100\80\81\116\117\131\118\30\115\163\175\25\211\229\31\52\227\142\196\115\97\82\115\202\79\196\214\94\169\13\169\58\184\94\76\118\109\82\139\139\130\175\112\145\133\28\161\227\227\217\178\223\226\217\205\227\226\40\116\116\153\115\115\115\179\138\211\189\189\197\199\225\192\145\187\201\200\159\182\187\181\159\189\188\184\186\189\121\225\135\200\239\188\138\132\183\145\136\210\186\241\241\132\159\181\188\159\121\121\189\188\184\186\189\121\221\211\226\226\202\189\199\231\241\192\142\179\198\187\116\116\145\115\115\115\168\240\221\234\228\227\169\170\135\234\235\177\191\191\204\233\239\231\207\197\162\205\208\233\169\180\204\165\169\235\222\227\240\221\234\228\227\169\170\229\228\240\242\229\177\232\150\169\169\162\162\162\167\162\116\116\77\115\115\115\151\102\100\101\92\106\92\102\102\84\41\40\44\46\41\109\43\90\20\101\101\91\91\96\99\94\102\100\101\91\92\106\91\92\102\102\105\116\117\215\136\176\115\166\31\31\241\6\241\73\220\52\94\31\220\241\136\220\241\52\52\115\31\31\241\241\6\94\220\199\52\136\220\199\52\115\31\31\241\220\241\94\220\6\52\136\220\6\52\24\174\53\242\49\119\116\117\224\134\142\115\159\171\103\216\216\131\17\207\235\55\207\235\36\121\38\64\76\29\64\228\29\57\19\228\64\162\103\38\161\171\199\55\209\65\64\171\114\64\162\84\216\216\112\17\226\116\115\84\115\115\115\203\125\129\138\125\116\200\188\185\194\116\202\145\202\127\134\137\138\116\185\194\184\143\116\182\175\189\177\145\199\200\198\189\194\187\130\183\188\181\198\124\202\125\116\185\194\184\143\116\198\185\200\201\198\194\116\200\181\182\192\185\130\183\195\194\183\181\200\124\182\125\116\185\194\184\125\124\125\125\124\179\155\175\203\188\167\169\195\141\116\115\66\115\115\115\196\118\183\118\136\180\188\106\106\121\109\120\119\111\120\119\107\107\159\107\192\127\185\170\149\151\177\123\118\183\118\136\180\188\106\106\122\109\115\114\115\111\115\114\115\107\107\98\182\170\167\176\98\180\167\182\183\180\176\98\168\163\174\181\167\98\167\176\166\76\98\98\171\168\98\148\148\137\170\164\172\132\116\115\86\115\115\115\177\162\135\154\153\190\126\181\157\130\126\188\203\196\185\202\191\197\196\126\127\194\197\185\183\194\118\193\147\126\126\143\140\128\135\127\129\126\139\131\139\127\127\145\194\197\185\183\194\118\184\147\209\126\126\126\136\135\136\129\138\127\131\116\116\15\115\115\115\164\27\40\42\39\33\31\36\33\31\40\40\35\39\39\33\32\30\42\32\23\40\36\32\23\40\35\39\39\39\33\31\23\42\32\29\40\36\32\29\40\42\39\28\36\28\40\40\35\32\116\117\2\118\30\115\158\173\167\121\179\52\79\88\98\61\185\122\122\149\131\149\146\125\137\149\146\125\134\107\40\98\46\79\98\70\79\43\37\70\98\100\185\40\19\61\25\137\67\179\116\117\173\134\142\115\174\13\120\63\13\111\33\165\165\165\61\222\80\213\184\4\80\213\184\222\165\99\99\4\99\99\184\184\13\73\101\44\215\13\111\52\111\222\165\165\165\99\156\175\222\156\184\4\156\184\222\165\80\118\4\80\118\184\184\13\116\116\249\115\115\115\199\86\91\85\48\25\87\80\98\78\46\104\101\103\98\91\84\27\88\97\90\103\33\99\34\25\86\91\85\48\25\103\86\101\102\103\91\25\101\90\87\93\86\27\88\92\91\88\90\101\33\87\34\25\86\91\85\34\33\34\34\33\76\52\80\100\97\72\70\92\50\37\102\37\51\103\111\33\33\37\32\35\37\30\35\116\117\252\138\26\115\166\168\171\171\87\171\78\119\173\84\113\159\245\27\168\127\168\70\58\242\148\148\27\217\99\191\7\99\191\171\171\220\104\84\15\222\220\58\15\104\127\58\222\220\38\179\176\81\15\220\15\222\116\115\212\115\115\115\201\56\222\244\244\70\57\72\73\70\66\244\72\70\73\57\222\244\244\57\66\56\222\244\244\64\67\55\53\64\244\41\5\57\25\74\41\25\43\38\64\69\64\15\244\56\67\244\64\67\55\53\64\244\68\13\78\8\25\33\63\12\42\72\4\5\17\252\252\5\255\5\5\253\1\5\5\253\15\244\41\5\57\25\74\41\25\116\115\217\115\115\115\161\48\43\69\74\69\22\73\18\83\13\30\38\68\17\47\77\9\10\249\62\71\61\227\249\249\69\72\60\58\69\249\35\46\71\50\18\9\49\37\15\41\68\48\22\84\86\116\116\215\115\115\115\191\225\183\183\161\164\125\176\208\199\175\155\197\167\130\166\178\191\191\200\193\200\192\194\191\200\202\188\200\202\192\192\172\204\117\132\125\122\131\128\126\125\191\189\189\189\192\183\137\116\131\132\137\125\183\155\149\160\160\136\123\137\169\175\130\191\189\189\189\192\183\116\125\115\225\183\183\116\116\127\115\115\115\178\183\177\242\201\214\176\174\225\167\178\232\224\199\199\174\164\221\236\213\226\235\216\214\213\151\149\149\149\152\121\159\159\159\159\211\214\226\224\211\159\213\175\218\180\178\235\208\207\174\164\151\151\176\154\176\174\152\148\176\174\152\121\159\116\116\205\115\115\115\198\237\237\237\160\165\166\169\178\237\161\155\162\178\237\177\168\195\237\237\237\237\237\237\166\175\237\167\221\164\138\220\161\126\125\224\218\218\229\229\222\228\222\225\230\234\222\225\230\237\161\165\178\167\195\237\237\237\237\237\237\237\237\155\178\161\162\155\167\237\131\130\167\118\214\221\117\137\223\125\164\128\116\130\116\115\182\115\115\115\201\231\27\251\44\11\251\13\8\34\39\34\19\222\228\228\228\223\192\214\214\214\214\214\214\27\34\41\27\192\214\214\214\214\214\214\214\214\40\27\42\43\40\36\214\36\31\34\192\214\214\214\214\214\214\27\36\26\192\214\214\214\214\27\36\26\192\214\214\27\36\26\192\27\36\26\192\26\37\192\214\214\31\28\214\36\37\116\115\33\115\115\115\155\149\65\105\83\148\123\144\82\88\131\89\84\154\130\121\121\88\73\74\65\149\137\134\143\43\65\65\65\65\141\144\132\130\141\65\112\99\86\128\101\116\117\49\132\100\115\173\196\41\129\128\9\213\24\28\81\213\144\81\93\144\196\162\93\81\42\198\41\215\147\97\212\78\10\62\127\42\93\28\81\112\147\182\128\181\196\41\129\128\9\213\24\62\42\198\41\215\147\97\212\78\10\81\230\127\116\115\252\115\115\115\192\96\6\28\28\28\28\75\62\49\91\64\95\116\76\91\84\96\115\36\37\6\28\28\97\106\96\6\97\106\96\6\104\107\95\93\104\28\78\98\107\71\72\65\100\62\113\116\82\96\51\101\114\69\6\96\107\6\28\28\104\107\95\93\104\28\78\64\62\113\102\76\64\66\85\70\45\57\116\117\127\136\176\115\206\221\24\133\158\3\28\154\133\199\133\44\187\40\183\250\44\233\225\195\24\108\103\87\220\81\91\154\158\116\91\31\57\183\162\137\133\162\91\204\208\120\216\221\183\128\199\133\44\187\40\183\250\44\233\225\195\24\108\103\87\241\132\174\220\48\199\133\44\187\40\183\250\44\233\225\195\24\108\103\87\241\132\174\220\81\31\31\91\154\158\116\116\115\216\115\115\115\159\68\248\29\64\68\12\49\41\50\8\76\77\76\76\36\77\62\21\0\42\48\47\58\70\47\68\49\37\45\13\62\48\3\0\0\11\15\3\9\13\1\5\9\13\116\115\26\115\115\115\179\67\67\71\66\66\77\81\69\75\80\67\71\75\80\67\36\58\58\131\128\58\95\130\134\78\115\107\116\74\142\143\142\142\102\143\128\152\87\66\66\74\69\75\75\67\71\75\75\67\58\142\130\127\136\58\140\127\142\143\140\136\58\136\83\116\115\220\115\115\115\195\40\33\52\43\21\30\54\16\81\85\36\84\252\65\74\64\230\252\252\78\65\80\81\78\74\252\74\21\40\33\52\43\21\30\54\16\81\85\36\84\230\252\252\65\74\64\230\252\252\72\75\63\61\72\252\45\38\68\38\51\30\18\16\42\38\51\14\23\252\64\75\252\72\75\63\61\72\252\85\38\116\117\225\138\26\115\166\201\17\86\155\89\158\92\121\121\72\167\72\144\190\121\95\95\236\95\95\144\144\46\193\40\135\57\135\178\207\187\141\227\135\178\95\92\192\135\201\17\86\155\89\158\193\244\195\221\199\193\116\115\133\115\115\115\202\165\241\244\232\230\241\165\230\242\233\212\186\201\236\232\231\192\165\233\244\165\241\244\232\230\241\165\213\204\199\183\201\181\211\234\194\0\2\192\165\230\242\233\212\186\201\236\232\231\194\213\204\199\183\201\181\211\234\165\234\243\233\143\165\165\230\242\233\212\186\201\236\232\231\224\173\173\182\175\182\174\176\173\182\188\178\182\116\117\32\120\64\115\153\51\237\237\241\81\30\105\70\15\100\45\75\70\232\6\6\6\237\192\90\25\100\105\90\70\192\186\116\106\105\50\176\116\126\221\146\21\232\116\116\60\115\115\115\164\90\90\90\83\92\31\26\32\54\92\92\14\34\25\245\248\255\20\254\47\36\18\32\113\19\50\243\103\34\47\26\29\48\19\25\26\84\90\90\90\83\54\92\92\92\92\24\25\29\116\115\248\115\115\115\206\89\100\24\57\105\79\75\114\40\105\71\103\45\106\53\32\32\32\41\35\44\33\37\44\33\35\32\41\49\37\41\49\33\33\2\24\24\24\24\111\96\97\100\93\24\108\106\109\93\24\92\103\2\24\24\24\24\24\24\97\94\24\57\105\79\75\114\40\105\71\103\45\106\53\53\32\32\32\41\35\49\33\37\49\33\35\32\41\46\37\41\116\117\141\136\176\115\151\251\234\234\45\17\21\214\147\95\45\45\45\45\45\45\45\45\231\214\17\38\231\147\45\130\126\193\8\230\33\0\172\151\4\50\159\116\116\178\115\115\115\203\202\232\219\240\124\126\228\232\219\128\213\138\132\132\132\137\168\146\146\146\146\146\146\205\198\191\205\168\146\146\146\146\146\146\146\146\192\205\190\189\192\196\146\196\201\198\168\146\146\146\146\146\146\205\196\206\168\146\146\146\146\205\196\206\168\146\146\205\196\206\168\205\196\206\168\224\204\195\231\230\237\202\240\189\186\220\206\123\116\116\174\115\115\115\168\197\192\229\134\134\134\125\132\125\133\131\134\124\123\137\124\123\133\133\133\164\210\199\142\202\199\203\205\202\142\209\210\187\118\200\209\225\220\181\240\228\191\224\191\192\118\115\142\210\199\142\202\199\116\117\132\122\42\115\171\57\43\120\100\50\29\233\173\176\131\173\5\120\159\204\131\47\156\156\219\170\219\163\177\156\219\19\191\219\19\163\163\33\100\71\64\169\12\134\71\215\194\211\110\138\197\222\197\190\12\47\50\29\233\173\176\116\116\153\115\115\115\183\226\220\132\189\222\209\226\121\182\187\181\144\121\189\188\184\186\189\121\197\145\188\214\233\131\194\215\187\138\236\239\145\144\121\181\188\121\189\188\184\186\189\121\191\179\183\137\227\199\138\234\236\142\138\144\121\197\145\188\214\233\131\194\215\187\138\236\239\116\115\27\115\115\115\179\83\88\133\129\125\75\113\141\76\108\122\59\128\137\127\86\59\132\129\59\67\128\127\142\83\137\128\112\109\148\97\101\146\113\146\145\83\70\143\83\138\96\107\81\132\93\137\76\122\117\83\68\88\88\67\67\78\69\76\68\70\67\77\75\116\115\228\115\115\115\188\17\22\20\13\13\4\88\76\73\82\4\73\72\87\28\82\73\57\54\93\42\46\91\58\91\90\28\33\73\72\87\28\82\73\57\54\93\42\46\91\58\91\90\28\15\21\4\73\82\72\4\73\82\72\238\72\83\4\80\83\71\69\80\4\71\82\89\37\48\71\75\80\87\116\117\222\136\176\115\158\68\181\126\18\249\126\186\249\253\211\186\126\89\236\219\5\13\139\219\165\72\1\76\223\38\38\206\80\227\59\101\38\227\118\143\227\118\59\59\181\126\253\228\116\116\142\115\115\115\165\225\205\202\235\239\234\219\200\153\199\192\197\195\155\149\197\227\204\191\160\174\241\232\242\147\174\223\230\229\234\241\174\235\232\225\205\202\235\239\234\219\200\154\166\166\157\164\157\165\163\116\115\9\115\115\115\169\49\58\61\54\58\61\50\50\41\109\120\41\108\119\126\74\85\108\112\117\124\87\70\108\119\126\74\85\108\112\117\124\87\52\49\49\58\51\58\50\52\49\58\65\54\58\65\50\50\41\110\119\109\41\116\115\151\115\115\115\192\252\5\251\161\251\6\183\3\6\250\248\3\183\15\222\248\226\234\10\249\11\239\3\210\183\251\6\183\3\6\250\248\3\183\4\10\9\230\202\229\233\4\238\212\191\191\200\194\200\199\192\196\200\199\192\210\183\15\222\248\226\234\10\249\11\239\3\212\4\10\9\230\202\229\233\4\238\116\116\211\115\115\115\175\179\120\129\119\206\179\127\130\118\116\127\179\135\128\155\126\150\128\156\140\162\130\135\141\206\179\119\130\179\127\130\118\116\127\179\126\130\168\122\130\119\116\121\208\187\187\195\189\196\188\190\187\196\198\192\196\198\188\188\206\116\115\244\115\115\115\196\20\104\97\60\95\55\97\61\109\67\99\104\110\49\95\99\73\91\99\88\85\90\20\89\98\88\254\20\20\107\92\93\96\89\20\104\102\105\89\20\88\99\254\20\20\20\20\93\90\20\108\59\85\63\71\103\86\104\76\96\49\49\28\28\37\31\37\40\29\33\37\40\29\20\104\92\89\98\254\20\20\116\115\31\115\115\115\200\63\63\63\63\147\140\103\138\98\140\104\152\110\142\147\153\92\147\140\103\138\98\140\104\152\110\142\147\153\74\71\71\80\73\80\72\74\71\80\87\76\80\87\72\72\41\63\63\63\63\63\63\136\133\63\71\71\147\140\103\138\98\140\104\152\110\142\147\153\73\80\81\72\76\71\147\140\103\138\98\140\104\152\110\142\116\117\242\138\26\115\201\94\232\184\89\112\161\161\109\109\138\138\138\66\207\135\161\253\135\161\207\138\227\253\227\161\161\210\94\74\5\212\210\186\83\169\175\103\71\192\94\218\166\109\138\138\112\207\89\66\161\253\89\66\161\210\5\166\71\5\210\186\83\169\175\103\71\192\94\218\166\109\138\138\135\184\89\161\207\138\204\253\204\161\161\210\5\116\116\12\115\115\115\160\106\112\6\44\44\44\44\111\104\93\111\99\114\44\84\81\107\69\61\93\110\96\52\104\23\23\36\36\30\37\27\19\35\39\27\19\35\44\96\100\111\106\6\44\44\116\116\51\115\115\115\171\83\83\83\83\28\25\83\91\91\91\91\104\100\94\108\92\96\108\92\94\91\100\99\96\100\99\92\92\96\91\91\104\100\93\100\92\94\91\100\102\96\100\102\92\92\92\49\112\91\91\99\94\100\99\92\96\116\117\197\134\142\115\203\104\85\208\37\97\125\68\239\37\97\220\29\182\190\220\48\192\162\2\97\211\76\97\220\29\182\190\220\48\192\162\2\97\211\246\189\189\0\227\104\208\246\189\123\123\28\123\123\208\208\37\68\239\49\131\37\37\37\37\37\37\11\59\68\248\182\131\37\37\37\37\68\201\78\68\131\37\37\37\37\37\37\11\59\68\248\182\131\116\117\140\128\56\115\172\44\44\44\44\173\34\160\14\44\44\173\34\160\14\173\34\160\14\86\173\60\173\121\112\44\8\47\147\121\8\44\78\182\156\221\238\47\22\190\34\225\164\212\177\156\100\139\44\160\47\44\8\47\147\121\8\44\116\117\228\134\142\115\152\155\32\135\108\241\127\185\79\116\107\220\220\116\21\211\239\59\211\239\69\68\98\250\212\51\194\33\154\242\14\175\204\156\223\212\12\107\116\116\77\115\115\115\161\10\1\94\245\248\246\32\6\93\109\50\39\49\84\109\3\251\253\2\35\40\91\19\39\38\21\37\22\253\85\90\3\251\253\2\35\40\91\19\39\38\21\37\22\253\85\116\115\42\115\115\115\205\85\82\82\91\84\91\83\85\82\93\87\93\83\83\74\159\152\158\147\150\74\116\124\122\127\148\153\92\164\152\147\162\146\163\122\98\104\82\82\82\90\85\91\96\83\87\91\96\83\85\82\98\87\98\83\83\52\150\153\141\139\150\74\160\123\130\159\124\143\92\163\129\90\123\99\119\162\160\107\101\74\142\153\74\150\153\141\139\150\74\116\116\77\115\115\115\189\16\91\243\6\43\3\14\15\90\32\37\252\2\40\86\97\34\97\15\27\19\101\101\94\93\100\95\85\106\95\85\102\102\84\109\31\254\245\34\251\50\91\22\0\93\254\86\10\21\31\14\90\16\91\243\6\43\3\14\15\109\50\39\49\67\41\40\44\46\41\109\1\41\17\116\116\138\115\115\115\160\193\231\152\195\208\213\216\213\208\217\179\182\236\159\170\230\235\170\238\235\231\233\238\170\227\224\228\214\203\240\150\228\242\157\223\184\184\195\242\232\240\200\206\153\198\116\117\196\122\42\115\203\153\156\220\93\181\65\220\142\247\198\121\240\163\205\198\220\227\184\205\121\107\184\164\177\111\220\220\34\55\234\27\227\241\220\27\48\255\27\48\227\227\97\184\205\121\107\184\164\114\111\33\220\220\27\48\20\234\27\227\241\220\27\76\255\27\76\227\227\248\220\220\27\48\27\234\27\227\241\220\27\76\255\27\76\227\227\248\27\116\115\45\115\115\115\176\96\102\89\85\85\94\96\93\88\97\86\90\97\86\89\85\85\94\96\98\88\94\96\86\90\94\96\86\89\85\85\94\95\101\87\94\86\88\85\94\101\90\94\101\86\86\170\104\147\156\159\77\150\106\85\85\85\94\88\94\101\116\115\181\115\115\115\164\222\226\230\237\222\224\221\235\226\235\222\222\225\216\23\213\25\36\213\33\36\24\22\33\213\43\242\23\16\30\18\226\32\240\213\30\27\213\43\241\221\221\229\224\230\231\222\226\230\116\116\247\115\115\115\169\41\32\23\99\95\84\93\23\101\44\101\34\31\31\31\41\36\37\34\47\32\28\47\32\34\31\40\36\28\40\36\32\32\23\84\93\83\50\23\89\82\96\76\44\106\99\105\96\93\86\29\90\95\88\116\117\42\138\26\115\187\104\194\196\217\10\61\12\38\119\10\104\61\150\173\104\12\10\150\225\248\222\61\76\15\35\12\15\225\150\194\248\217\10\61\12\38\217\194\217\133\30\194\84\173\12\15\150\153\35\12\194\217\222\35\15\225\222\10\199\165\194\194\73\237\240\145\217\7\194\145\4\53\116\116\19\115\115\115\165\4\9\252\252\14\63\66\54\52\63\243\53\16\78\251\251\4\12\6\253\4\252\254\251\6\0\6\252\252\255\251\251\5\4\9\254\4\10\252\0\4\10\252\255\5\4\4\255\251\251\116\116\128\115\115\115\173\175\167\174\153\175\173\151\147\175\173\151\227\169\222\213\242\160\215\163\152\152\175\153\175\167\151\147\175\167\151\148\161\226\160\220\213\160\212\213\225\223\212\160\238\163\226\201\215\195\147\217\169\160\215\222\160\238\164\116\115\211\115\115\115\151\251\251\3\253\4\252\254\251\8\0\8\252\252\243\71\59\56\65\243\73\16\73\254\251\251\5\8\9\254\4\9\252\0\4\9\252\116\117\255\120\64\115\173\159\248\37\243\38\159\233\198\12\208\48\62\67\57\12\37\2\229\238\7\228\57\199\77\204\159\248\37\243\38\159\57\248\67\72\57\37\159\67\228\233\27\248\229\238\42\37\238\228\67\199\233\204\159\248\37\243\204\116\116\22\115\115\115\154\254\253\253\254\72\101\110\73\100\57\4\77\103\6\101\13\97\78\72\85\2\5\2\243\72\101\110\73\100\57\4\77\103\6\101\13\97\78\72\116\116\17\115\115\115\182\82\42\86\24\49\61\101\77\58\112\31\76\71\94\95\94\71\98\60\61\99\22\108\87\107\93\68\103\29\107\105\49\110\99\109\7\107\100\95\49\107\58\70\32\73\91\65\73\107\78\102\25\112\22\41\41\34\40\34\30\42\38\34\30\42\37\48\116\115\213\115\115\115\206\41\65\25\46\56\7\28\31\74\71\74\31\70\44\41\67\245\57\68\223\245\245\65\68\56\54\65\245\56\42\64\69\54\62\39\7\65\35\35\34\52\16\245\57\68\245\65\68\56\54\65\245\41\41\44\56\41\28\8\35\65\38\47\68\64\18\41\65\25\46\56\7\28\31\74\71\74\31\70\44\41\67\48\59\46\34\8\29\75\37\29\116\115\141\115\115\115\177\243\210\250\197\240\234\186\181\181\190\190\196\183\190\182\184\181\197\186\197\182\182\200\173\240\226\248\253\238\246\223\191\249\219\219\218\236\202\225\225\228\240\225\212\192\219\249\222\231\252\248\173\242\251\241\151\173\173\246\243\173\240\116\115\160\115\115\115\207\245\11\16\1\9\242\210\12\238\238\237\255\220\200\200\200\208\203\209\212\201\205\209\212\201\203\200\214\205\214\201\201\192\20\8\5\14\192\3\245\11\16\1\9\242\210\12\238\238\237\255\221\3\245\11\16\1\9\242\210\12\238\238\237\255\203\200\200\200\210\213\214\203\212\201\205\212\201\203\200\213\205\213\201\201\192\5\14\4\170\192\192\116\117\77\122\42\115\167\153\65\41\188\2\171\62\83\128\107\128\83\100\174\153\79\202\23\188\104\178\69\135\125\69\23\48\72\213\2\216\248\2\160\58\93\244\44\139\171\65\111\111\104\230\147\16\79\9\147\65\86\116\116\87\115\115\115\188\250\248\251\55\37\41\253\37\252\36\27\49\3\6\15\35\97\243\254\97\55\55\251\254\250\248\251\55\251\251\47\255\255\8\17\3\248\76\245\4\253\250\3\0\254\253\63\252\68\35\36\46\4\74\22\36\5\25\80\46\252\246\48\59\21\1\251\70\5\248\6\42\28\116\115\205\115\115\115\161\18\19\29\29\32\34\71\246\215\57\60\48\46\57\237\63\38\32\70\254\18\46\50\50\51\46\25\70\0\10\58\2\33\34\44\66\0\20\34\67\15\6\44\58\52\38\116\115\76\115\115\115\163\167\146\182\184\131\194\173\195\159\153\145\146\156\156\159\161\198\169\86\108\108\190\177\192\193\190\186\108\190\165\159\197\125\145\173\177\177\178\173\152\197\127\120\146\182\184\131\194\116\115\214\115\115\115\188\55\77\41\35\27\28\38\38\41\43\80\1\254\254\7\0\7\255\1\254\7\14\3\7\14\255\255\224\246\246\59\68\58\224\246\246\66\69\57\55\66\246\72\7\42\76\8\56\69\69\44\28\47\15\17\246\58\69\246\66\69\57\55\66\246\42\80\68\67\13\72\24\14\116\115\54\115\115\115\151\120\115\94\94\103\96\103\95\97\94\108\99\108\95\95\113\86\168\103\138\172\104\152\165\165\140\124\143\111\115\138\176\164\163\109\168\116\117\181\118\30\115\173\123\93\123\21\228\255\225\211\21\21\249\2\222\216\249\21\126\81\123\216\120\69\123\23\132\156\72\180\2\102\21\225\2\21\249\2\222\216\249\21\246\26\165\132\216\138\156\123\138\108\38\44\102\21\126\81\123\216\116\115\145\115\115\115\156\210\193\211\7\214\222\194\230\0\206\252\8\225\214\242\216\222\211\216\177\246\255\245\155\177\177\212\197\211\242\210\193\211\7\214\222\194\230\0\236\185\116\116\24\115\115\115\151\0\7\1\7\16\255\251\7\16\255\107\11\54\67\62\57\68\63\61\62\0\254\254\254\255\248\74\51\68\67\74\62\248\60\60\112\116\117\88\118\30\115\175\144\144\171\198\180\123\208\226\226\226\211\184\135\162\132\118\184\184\90\78\162\90\159\87\60\102\180\189\192\84\15\138\183\162\129\180\147\165\162\208\226\226\226\211\118\184\184\184\184\156\165\129\123\156\184\123\63\30\36\165\116\116\184\115\115\115\151\132\146\148\154\124\235\231\194\216\216\216\216\165\160\159\156\147\216\164\170\163\147\216\148\157\194\216\216\216\216\216\216\159\150\216\151\116\115\58\115\115\115\159\135\124\126\169\142\148\158\156\134\119\119\98\98\98\107\101\109\99\103\109\99\101\98\110\103\110\99\99\90\174\162\159\168\68\90\90\90\90\90\90\90\90\172\159\116\115\32\115\115\115\163\148\149\146\142\64\99\84\98\129\97\80\98\150\101\109\81\117\143\123\146\81\116\150\82\130\143\143\118\102\121\89\125\72\78\78\78\73\42\64\64\64\64\64\64\133\140\147\133\116\117\55\128\56\115\156\185\215\215\215\215\215\215\215\215\1\88\27\40\1\205\215\205\140\179\185\215\215\215\215\215\215\88\205\75\185\215\215\215\215\88\205\75\185\215\215\88\116\117\248\126\22\115\165\178\68\102\79\178\68\102\156\189\57\35\156\88\13\10\104\195\126\115\178\137\74\192\101\13\123\115\129\88\68\189\88\156\189\57\35\156\88\255\134\250\203\145\21\49\159\27\13\101\13\116\117\2\138\26\115\154\1\125\15\61\79\226\139\156\50\217\96\73\228\119\220\234\67\139\113\73\125\133\136\76\1\159\179\191\165\145\139\67\139\1\226\21\228\254\232\116\115\217\115\115\115\181\61\72\227\249\249\69\72\60\58\69\249\56\70\15\35\42\48\76\64\9\41\17\16\37\69\37\29\20\249\61\72\249\69\72\60\58\69\249\40\43\61\81\67\43\45\32\9\69\66\22\1\1\10\4\10\9\2\6\10\9\2\20\249\56\70\15\116\115\3\115\115\115\176\77\84\90\118\106\51\83\59\58\79\111\79\71\64\82\85\103\123\109\85\87\74\51\111\108\35\104\113\103\13\35\35\122\107\108\111\104\35\98\112\57\77\84\90\118\106\51\83\59\58\79\111\79\71\63\64\38\87\111\71\92\116\117\74\136\176\115\185\105\100\29\92\227\164\227\92\143\109\46\80\234\126\101\28\234\234\234\234\38\101\105\63\38\234\143\50\176\147\247\92\50\76\105\55\33\234\143\50\176\147\247\92\50\76\105\55\230\21\59\184\92\239\109\185\189\58\218\226\205\134\38\134\222\75\88\4\80\88\116\117\64\136\176\115\190\49\57\124\162\196\3\24\36\136\36\28\212\141\95\90\19\82\217\154\217\82\133\99\36\70\220\11\49\174\82\229\99\175\179\48\208\216\195\124\28\124\212\157\18\224\224\224\224\221\158\224\133\40\166\137\237\82\40\66\95\45\65\65\90\224\196\200\137\70\18\224\224\224\224\224\116\115\164\115\115\115\191\196\3\26\244\229\246\245\18\247\218\252\11\3\13\245\255\199\3\26\244\229\246\245\18\247\218\252\11\3\13\245\207\204\204\213\207\215\205\209\215\205\1\225\31\19\20\225\21\236\242\9\221\238\236\30\7\29\33\174\196\196\196\196\9\16\23\9\13\10\196\21\236\242\9\221\238\116\115\46\115\115\115\191\118\168\145\167\107\107\86\86\86\95\89\99\87\91\99\87\89\86\96\95\91\96\95\87\87\78\162\150\147\156\56\78\78\78\78\78\78\154\157\145\143\154\78\141\155\154\125\116\111\165\90\130\145\95\152\128\151\100\102\155\158\133\117\90\127\152\99\119\116\129\125\101\129\133\90\117\116\116\174\115\115\115\161\124\126\118\200\200\188\203\127\223\205\138\205\203\200\232\212\198\198\229\123\207\232\236\138\196\229\117\240\226\203\117\117\236\229\213\221\164\142\142\142\142\142\142\215\201\202\116\117\40\136\176\115\203\163\230\125\235\196\243\25\150\58\205\75\151\155\24\184\192\171\100\4\100\188\41\54\226\46\54\25\33\100\138\172\235\0\12\112\12\4\188\117\71\66\251\58\193\130\193\58\109\75\12\46\196\243\25\150\58\205\75\151\155\24\184\192\171\100\4\100\188\133\250\200\200\200\200\200\200\12\71\45\218\226\197\150\192\25\88\75\251\116\116\30\115\115\115\188\250\103\57\16\84\109\111\75\63\14\110\6\15\90\58\90\98\9\112\108\56\112\57\113\90\100\82\79\70\114\246\114\58\98\101\59\12\95\84\81\76\81\84\77\111\114\56\250\103\57\16\84\109\111\75\63\14\110\6\15\90\58\90\98\245\20\254\254\254\254\254\254\109\116\115\57\115\115\115\200\163\110\130\127\140\136\112\140\144\101\152\166\111\131\138\144\172\160\105\137\113\112\133\165\133\125\118\143\139\167\143\166\142\133\147\173\176\177\141\97\141\165\125\146\156\107\128\131\174\171\174\131\170\144\141\167\101\152\166\111\131\138\144\172\160\105\137\113\112\133\165\133\125\98\67\89\89\89\89\89\89\128\107\105\113\116\115\145\115\115\115\167\255\255\3\244\200\232\242\189\240\254\199\219\226\232\4\248\193\225\201\200\221\253\221\213\206\231\227\255\231\254\230\221\235\5\8\9\229\185\229\253\213\234\244\195\216\219\6\3\6\219\2\232\116\117\74\138\26\115\203\214\44\62\211\21\36\240\145\27\159\139\154\122\82\59\30\254\30\102\249\48\42\42\42\42\42\42\1\47\44\76\96\162\162\217\223\139\76\56\62\211\21\36\240\145\27\159\139\154\122\82\59\30\254\30\102\197\4\168\44\4\21\237\30\96\182\251\18\214\226\214\254\102\73\47\200\171\240\205\136\205\240\113\27\214\44\62\211\116\115\212\115\115\115\167\65\10\30\37\43\71\59\4\36\12\11\32\64\32\24\253\222\244\244\244\244\244\244\62\29\13\26\40\55\13\13\22\29\45\37\0\51\65\10\30\37\43\71\59\4\36\12\11\32\64\32\24\116\116\158\115\115\115\204\137\240\236\184\240\185\241\218\228\210\207\198\242\118\242\186\226\229\187\140\223\212\209\204\209\212\205\239\242\184\122\231\185\144\212\237\239\203\191\142\238\134\143\218\186\218\226\117\148\126\126\126\126\126\126\186\183\187\189\186\126\230\196\210\237\218\215\212\235\131\126\194\183\126\186\183\187\189\186\126\221\225\231\231\192\193\134\145\236\116\116\58\115\115\115\164\104\109\98\25\23\28\252\16\34\34\1\103\19\252\248\96\98\98\98\104\101\100\95\101\97\93\101\97\95\98\105\106\93\105\106\97\97\97\95\32\1\113\244\6\23\113\113\248\1\116\116\151\115\115\115\192\240\232\146\119\239\209\195\232\219\222\225\234\140\216\212\238\238\181\180\143\132\233\137\119\180\189\179\161\119\119\119\119\119\119\187\190\186\184\187\119\226\191\132\201\224\135\216\132\228\223\240\146\119\179\190\119\187\190\186\184\187\119\193\191\138\216\181\198\187\196\140\210\204\146\119\226\191\116\117\250\134\142\115\161\233\112\101\138\205\233\73\82\149\129\216\178\195\205\140\207\254\169\90\121\36\102\184\90\90\90\90\90\90\140\55\112\90\216\226\45\6\25\17\73\176\36\17\129\157\62\116\117\208\134\142\115\162\88\222\108\211\116\173\78\249\48\60\13\142\48\48\48\48\48\48\48\48\97\136\191\70\59\96\163\191\31\40\107\145\174\184\3\220\239\231\31\134\250\231\183\20\221\231\210\116\116\189\115\115\115\185\115\142\144\172\160\237\141\229\240\121\153\121\129\234\143\139\151\143\154\146\121\131\177\176\165\145\213\145\153\129\134\156\235\128\115\178\171\178\115\174\144\145\151\217\136\154\239\115\142\144\172\160\237\141\229\240\121\153\121\129\214\179\221\221\221\221\221\221\162\151\116\116\31\115\115\115\203\59\25\255\255\255\255\255\255\102\77\111\96\113\112\53\114\13\103\62\102\56\112\106\2\102\77\111\96\113\112\53\114\13\103\62\102\56\112\250\247\247\247\16\250\16\16\248\244\16\16\248\250\247\16\13\244\16\13\248\248\100\4\74\54\79\4\80\87\85\60\8\89\87\73\66\72\243\52\4\102\52\51\86\93\96\78\243\58\116\115\12\115\115\115\188\73\96\111\61\118\94\117\66\68\121\124\99\83\56\109\73\93\118\65\85\82\95\91\67\95\99\56\117\109\73\83\62\60\68\122\122\126\111\67\99\109\56\110\73\87\116\65\126\85\60\77\65\97\84\101\137\22\44\44\44\44\113\120\127\113\22\44\44\44\44\44\44\110\116\116\252\115\115\115\200\110\95\91\85\246\28\28\28\28\95\90\96\246\28\28\95\90\96\246\95\90\96\246\88\89\93\91\88\28\113\76\108\58\108\48\81\68\75\113\44\50\95\87\90\246\96\89\246\28\28\88\89\93\91\88\28\70\96\82\55\53\109\35\93\80\39\98\111\90\93\112\83\89\90\20\52\70\50\77\114\98\81\79\80\57\116\115\28\115\115\115\171\111\141\72\143\102\105\141\101\103\142\81\132\104\147\69\38\136\139\127\125\136\60\115\81\147\101\96\138\77\98\110\114\89\68\68\76\71\77\76\69\73\77\76\69\38\60\60\136\139\127\125\136\60\143\112\105\116\117\128\132\100\115\191\73\122\106\87\52\86\54\141\40\40\193\91\193\73\57\125\193\73\57\42\160\160\103\104\121\172\53\160\72\122\22\3\86\70\71\37\20\191\3\1\158\40\40\176\91\193\56\57\125\193\56\57\160\223\18\160\35\106\157\1\89\123\18\5\104\140\103\158\40\40\176\74\193\57\91\40\116\116\229\115\115\115\174\182\183\210\182\183\206\206\197\137\144\235\197\197\197\197\145\144\132\134\145\197\152\117\121\173\164\117\132\160\140\194\173\155\183\148\119\135\152\154\153\176\148\118\202\205\205\179\204\190\206\210\190\206\235\197\197\197\197\145\116\115\29\115\115\115\180\140\128\126\137\61\127\105\126\85\106\99\117\127\81\101\90\144\103\106\142\102\104\143\82\133\105\148\66\69\69\79\72\84\70\74\84\70\39\61\61\61\61\134\131\61\116\141\145\101\96\141\128\124\136\155\90\127\105\126\85\106\99\117\127\81\116\115\5\115\115\115\192\77\37\121\109\106\115\37\92\58\124\78\73\115\54\75\87\91\66\92\58\124\78\73\115\54\75\87\91\48\120\89\82\62\95\79\108\121\123\91\37\106\115\105\15\37\37\37\37\77\95\59\88\123\107\92\90\89\84\88\118\66\45\77\95\59\88\123\107\92\90\89\84\88\118\50\92\117\116\116\55\115\115\115\165\35\255\250\39\26\14\34\96\94\95\95\105\98\104\102\96\92\104\102\96\65\87\87\87\87\42\1\252\40\0\2\41\100\31\251\38\108\95\42\1\252\40\0\2\41\100\31\251\38\92\116\116\17\115\115\115\196\111\69\114\25\70\75\57\111\29\73\42\36\41\41\31\40\29\42\38\29\42\7\49\49\49\49\96\61\70\26\55\71\108\93\91\59\22\96\61\70\26\55\71\108\93\91\59\39\41\41\41\31\40\34\32\42\38\34\32\42\40\41\28\38\28\42\42\7\49\49\110\99\109\7\49\49\95\110\93\94\95\116\115\5\115\115\115\158\115\37\92\58\124\78\73\115\54\75\87\91\15\37\37\106\115\105\15\37\37\113\116\104\102\113\37\95\112\117\77\100\120\127\88\60\64\37\105\116\37\113\116\116\116\208\115\115\115\154\177\175\164\240\125\175\129\225\224\172\117\141\145\219\178\178\211\232\232\232\223\233\216\231\227\216\231\233\232\216\227\216\231\231\217\240\122\169\160\116\117\161\134\142\115\153\249\174\42\175\202\182\40\22\212\202\106\49\13\174\230\154\144\231\231\1\32\203\13\95\1\1\165\222\250\212\165\1\212\41\69\154\69\87\116\117\162\136\176\115\206\193\193\146\121\66\214\189\66\126\189\193\151\126\66\218\58\201\21\126\42\201\222\0\151\54\146\163\185\227\121\66\151\218\222\33\222\188\193\193\146\163\218\58\201\21\126\42\201\222\0\151\54\146\66\235\168\214\116\66\66\151\218\222\33\222\188\193\193\146\25\167\67\163\0\59\168\193\38\63\189\168\234\104\104\104\255\66\252\235\38\59\116\115\86\115\115\115\156\200\196\118\176\186\172\163\161\201\143\185\170\126\132\132\132\127\118\187\196\186\96\118\118\205\166\198\164\198\138\173\174\167\205\134\140\187\195\196\147\188\116\115\127\115\115\115\193\244\237\226\243\232\238\237\167\173\173\173\168\137\159\159\159\159\235\238\226\224\235\159\230\200\193\176\203\249\237\177\235\179\207\188\167\167\176\169\176\168\170\167\176\177\172\176\177\168\168\137\159\159\159\159\246\231\232\235\228\159\243\241\244\228\159\227\238\137\159\159\159\159\159\159\232\229\159\116\117\41\118\30\115\167\94\4\239\188\13\151\115\191\109\197\25\224\224\161\161\188\170\206\164\176\206\164\137\133\97\88\115\71\137\137\137\137\137\137\137\137\127\88\133\136\127\115\137\76\49\13\242\13\191\82\82\185\116\117\198\136\176\115\192\61\40\141\246\174\145\53\200\149\73\103\14\140\140\140\35\152\102\102\102\102\102\102\15\162\53\15\152\102\102\102\102\102\102\102\102\32\15\74\95\32\204\102\204\99\162\152\102\102\102\102\102\102\15\204\250\152\102\102\102\102\15\204\250\152\102\102\15\204\250\152\15\204\250\152\162\225\116\115\24\115\115\115\183\123\121\132\56\129\146\93\128\77\76\130\126\96\139\34\124\135\34\56\56\132\135\123\121\132\56\100\92\139\77\80\114\106\72\113\74\85\126\141\134\123\140\129\135\134\64\114\146\96\79\132\74\124\95\127\137\100\91\95\104\142\65\34\132\135\123\121\132\116\116\147\115\115\115\151\115\190\194\233\138\180\131\205\136\192\230\138\144\206\208\157\115\115\185\194\197\115\186\200\229\131\215\221\197\228\138\137\193\144\123\123\116\116\87\115\115\115\177\72\65\72\64\66\63\73\72\60\73\72\64\64\59\58\49\17\31\70\251\73\243\22\246\8\27\26\22\39\5\61\249\55\243\254\97\55\55\55\55\251\254\250\248\251\55\254\29\7\15\246\8\7\40\68\97\55\55\55\55\0\245\116\115\185\115\115\115\200\217\19\51\1\240\37\235\29\0\32\42\5\252\0\9\47\231\38\246\246\225\225\234\228\234\234\226\230\234\234\226\217\45\33\30\39\195\217\217\217\217\217\217\40\7\41\49\32\42\41\10\238\246\48\9\41\7\41\237\16\17\10\48\233\239\30\38\39\225\19\51\1\240\37\235\29\0\32\42\5\252\0\9\47\231\116\117\137\118\30\115\157\175\154\190\232\127\25\85\103\223\124\46\43\211\160\13\151\247\97\46\205\31\181\94\190\220\109\82\94\121\235\19\202\4\167\233\233\233\233\184\205\226\184\116\116\39\115\115\115\198\80\69\7\97\65\111\246\75\249\67\102\70\56\107\106\102\87\53\13\76\252\252\15\15\249\17\248\16\18\15\248\0\12\248\0\16\16\7\51\79\68\77\49\7\7\7\7\7\7\78\109\55\63\70\56\55\88\244\252\15\15\97\65\111\246\75\249\67\102\70\56\107\106\102\87\53\13\73\98\70\52\89\247\116\117\230\128\56\115\167\90\168\176\3\177\164\124\159\47\120\24\142\177\98\112\250\129\33\163\194\77\129\246\228\60\85\251\8\120\24\142\177\98\112\250\129\33\163\194\77\129\246\228\60\59\211\251\199\238\238\112\151\116\115\130\115\115\115\158\184\173\179\181\171\175\179\181\171\140\162\162\162\162\162\162\235\232\162\241\208\242\250\233\243\242\211\183\190\170\170\178\173\179\178\171\175\179\178\171\162\246\234\116\116\125\115\115\115\184\226\215\157\216\183\237\229\224\238\237\206\178\170\216\183\237\229\224\238\237\206\178\148\149\149\171\178\175\147\174\150\148\149\172\154\172\150\150\157\226\215\225\115\157\157\157\157\226\217\236\226\115\157\157\157\157\157\157\216\183\237\229\224\238\237\206\178\170\195\116\116\252\115\115\115\198\102\52\49\88\46\96\65\97\107\56\61\65\76\114\26\94\69\97\111\78\44\64\54\110\75\49\50\90\71\23\70\102\52\49\88\46\96\65\97\107\56\61\65\76\114\26\85\246\28\28\28\28\28\28\83\98\28\89\58\108\100\97\107\108\75\47\40\20\20\20\44\21\43\50\19\23\43\50\19\21\20\50\23\116\117\15\134\142\115\186\17\26\26\111\171\199\142\57\111\76\217\95\247\180\114\95\18\254\150\76\217\95\247\180\114\95\18\254\64\7\7\197\254\17\45\178\26\64\7\216\102\216\26\26\111\142\57\123\205\111\111\111\111\142\57\123\205\111\111\111\111\0\76\113\36\66\159\29\254\38\56\116\116\5\115\115\115\158\24\60\104\90\51\21\73\75\83\54\24\23\111\66\34\51\51\72\109\99\107\67\81\22\73\68\109\45\64\72\60\35\65\22\22\26\65\22\22\23\65\22\22\116\117\54\134\142\115\155\18\10\217\198\37\10\217\217\198\10\217\198\255\188\29\122\46\200\229\96\143\210\1\115\96\46\65\58\115\143\105\58\150\39\189\46\46\46\236\217\116\116\177\115\115\115\168\123\136\130\126\138\134\130\126\138\136\137\127\130\134\127\130\138\138\120\197\196\208\210\197\145\207\118\184\126\122\133\137\137\137\123\125\136\123\138\134\123\138\136\137\130\127\134\130\127\138\138\133\137\116\115\154\115\115\115\181\194\207\209\196\203\195\197\194\211\199\211\195\195\198\194\194\209\206\196\203\195\197\194\203\203\199\203\203\195\195\23\213\0\9\12\186\3\215\194\194\203\197\203\204\195\199\203\204\195\198\189\252\186\254\9\186\6\9\253\251\6\186\16\215\252\245\116\115\2\115\115\115\202\107\95\47\109\61\34\107\104\34\120\62\42\42\50\45\57\43\47\57\43\34\118\106\103\112\34\120\63\120\45\42\42\52\55\56\45\51\54\43\47\51\54\43\34\103\112\102\61\34\100\93\107\95\63\117\118\116\107\112\105\48\101\106\99\116\42\120\43\34\103\112\102\61\34\116\103\118\119\116\112\34\118\99\100\110\103\48\116\117\235\136\176\115\157\10\6\241\10\224\111\51\245\72\139\52\241\31\72\51\72\72\51\6\81\27\195\94\48\27\144\68\72\189\139\139\52\241\31\189\139\139\69\52\111\132\69\116\117\79\126\22\115\185\9\175\213\213\92\199\133\221\37\147\106\59\48\199\7\100\92\56\7\177\86\9\144\75\210\20\9\7\18\243\20\144\122\243\175\232\238\117\106\106\216\243\20\144\122\243\175\133\238\152\7\7\172\106\40\106\161\18\62\106\161\18\51\7\7\150\117\40\183\18\116\117\179\122\42\115\180\238\59\210\231\203\203\38\24\217\10\210\224\203\31\238\31\210\210\231\45\24\231\38\45\30\80\125\188\209\147\146\94\10\231\168\97\147\111\188\147\167\188\104\90\167\147\237\94\97\48\146\62\238\160\80\147\146\125\147\237\87\203\203\203\3\116\116\195\115\115\115\158\238\212\215\236\240\212\215\236\238\235\217\240\217\236\236\227\151\171\168\177\227\153\224\153\238\213\216\217\227\168\177\167\222\227\165\126\172\128\224\150\151\149\172\116\117\53\120\64\115\175\91\56\27\36\61\26\111\253\131\2\213\46\91\41\92\213\111\46\121\126\111\91\213\121\26\31\81\46\27\36\96\91\36\26\121\253\31\2\213\46\91\41\2\253\2\6\17\253\51\126\91\36\121\66\96\91\253\2\81\96\116\117\231\132\100\115\176\122\88\19\7\2\244\40\40\57\210\19\70\122\88\19\7\105\244\18\143\143\57\40\40\177\40\160\194\143\57\23\228\57\23\160\160\211\143\143\143\57\57\74\194\74\160\228\74\160\194\143\142\228\142\160\160\211\143\143\57\57\116\116\0\115\115\115\206\50\26\47\23\25\24\47\40\19\47\40\23\23\20\24\24\50\47\47\25\47\44\23\19\47\44\23\20\24\24\50\48\39\26\47\23\25\24\47\43\19\47\43\23\23\20\24\24\50\50\40\25\47\44\23\19\47\44\23\99\41\94\85\114\32\87\35\47\20\33\98\32\92\85\32\84\85\97\95\84\32\110\35\98\73\87\67\19\89\41\32\116\116\135\115\115\115\185\240\229\167\213\155\175\175\175\151\178\152\154\176\172\152\154\176\178\175\153\151\172\153\151\176\176\167\211\239\228\237\167\213\156\213\178\175\175\153\148\149\177\152\176\178\175\152\159\172\152\159\176\176\167\228\237\227\162\167\233\194\240\188\156\218\211\217\240\237\230\116\115\67\115\115\115\163\113\166\171\164\181\107\185\108\99\168\177\167\126\99\181\168\183\184\181\177\99\183\164\165\175\168\113\166\178\177\166\164\183\107\165\108\99\168\177\167\108\107\108\108\107\174\178\153\116\115\231\115\115\115\154\30\72\23\97\28\84\58\30\16\241\7\7\76\85\75\241\7\7\83\86\74\72\83\7\89\40\32\70\29\92\58\50\52\76\81\43\34\7\75\116\116\56\115\115\115\155\29\88\28\29\25\23\28\88\7\4\13\100\16\42\48\20\16\5\26\244\107\96\96\103\97\103\105\95\91\103\105\95\113\88\42\247\111\13\102\35\116\115\38\115\115\115\182\121\113\115\139\144\106\99\119\122\133\90\126\152\158\138\126\125\136\106\70\139\148\138\48\70\70\146\149\137\135\146\70\116\159\138\143\135\118\89\152\153\143\97\70\138\149\70\146\149\137\135\146\70\114\107\146\90\157\145\145\107\112\89\99\161\163\97\116\115\253\115\115\115\187\29\75\118\97\102\94\77\48\111\112\102\58\73\66\105\49\116\104\104\66\71\48\29\98\107\97\7\29\29\75\118\97\102\94\77\48\111\112\102\88\37\37\46\40\51\38\42\51\38\90\58\99\114\107\96\113\102\108\107\37\43\43\43\38\29\111\98\113\114\111\107\29\116\117\196\128\56\115\179\160\56\155\117\156\86\238\52\73\78\204\26\26\26\217\100\229\90\216\70\100\100\25\246\69\12\117\104\38\242\108\155\221\242\181\90\203\168\25\103\90\204\26\26\26\217\70\100\100\100\100\64\103\203\177\64\100\38\60\220\130\51\56\143\116\117\127\136\176\115\202\229\132\154\128\199\199\199\132\6\132\2\220\48\132\2\220\6\199\216\48\216\220\220\81\31\31\31\31\66\7\28\91\200\31\3\217\24\200\31\179\154\81\31\31\31\31\31\31\28\221\31\49\183\87\237\70\19\2\229\132\154\128\128\199\199\132\241\132\220\6\199\132\132\48\132\132\220\220\31\3\7\200\133\81\31\31\31\116\116\73\115\115\115\178\105\105\105\105\105\23\38\21\22\23\43\105\11\34\37\50\42\249\88\23\24\50\0\23\10\98\252\83\22\248\16\14\38\47\5\254\113\107\107\107\114\79\105\105\105\105\105\105\38\45\24\38\79\105\105\105\105\105\105\105\105\23\38\116\115\36\115\115\115\167\152\153\150\146\68\146\141\144\46\68\68\68\68\68\68\137\146\136\46\68\68\68\68\137\146\136\46\68\68\137\146\136\46\137\146\136\46\144\147\135\133\144\68\149\111\140\157\141\86\116\158\155\116\117\168\118\30\115\152\212\197\77\198\212\245\198\8\8\236\245\209\203\236\8\164\74\122\56\116\146\71\56\140\113\176\95\218\7\242\209\4\227\245\242\32\22\116\116\243\115\115\115\156\63\52\75\87\103\100\58\77\44\35\89\104\71\35\28\253\95\98\86\84\95\19\97\77\105\103\99\103\40\95\63\77\55\98\67\65\48\110\112\253\19\116\115\18\115\115\115\165\50\120\129\132\50\103\118\99\105\105\100\119\70\85\90\131\79\58\58\58\67\61\67\66\59\63\67\66\59\61\58\67\68\63\67\68\59\59\62\53\140\94\83\106\118\134\131\89\108\75\116\115\155\115\115\115\167\203\1\16\239\203\187\255\10\187\9\245\17\15\11\15\208\7\231\245\223\10\235\233\246\240\255\236\242\242\237\0\207\222\227\12\248\216\237\237\226\3\253\5\221\231\204\223\222\3\195\250\226\116\117\18\134\142\115\175\211\10\164\193\60\107\174\221\79\60\10\29\22\79\107\69\22\114\3\153\10\10\10\200\77\67\181\219\29\105\181\219\29\67\10\181\20\105\181\20\29\29\115\22\79\107\69\22\114\88\153\51\181\238\238\86\181\238\1\86\116\116\166\115\115\115\184\142\142\117\122\115\139\117\120\141\145\117\120\141\146\142\142\117\115\122\140\117\141\139\142\117\117\145\117\117\141\141\146\142\142\142\117\115\125\139\117\118\141\145\117\118\141\139\142\121\145\121\141\141\146\142\142\117\115\116\140\117\141\139\142\116\115\145\116\115\116\115\76\115\115\115\205\117\117\201\135\178\187\190\108\181\137\116\116\116\125\119\125\131\117\121\125\131\117\119\116\125\131\121\125\131\117\117\120\111\174\108\176\187\108\184\187\175\173\184\108\194\137\174\167\181\169\121\183\135\108\181\178\108\194\136\124\108\192\180\177\186\108\194\137\194\119\116\116\116\126\129\130\119\125\130\117\121\125\130\117\119\116\131\121\131\117\116\117\189\132\100\115\189\118\221\114\11\97\168\221\63\200\182\234\202\96\113\79\182\11\148\203\80\165\46\79\101\147\118\221\114\11\97\168\221\79\114\113\130\79\11\221\113\46\63\233\114\203\80\28\11\80\46\113\101\63\118\221\114\11\97\118\101\118\234\169\101\131\130\11\80\113\182\28\11\101\118\116\115\232\115\115\115\191\84\87\75\73\84\8\83\37\16\16\25\30\25\18\25\17\19\16\31\21\31\17\17\35\84\87\75\73\84\8\74\37\99\16\16\28\19\29\17\21\29\17\20\16\16\16\33\19\28\17\21\28\17\19\16\25\32\21\25\32\17\17\20\26\20\16\16\25\33\19\25\33\17\21\25\33\116\117\202\134\142\115\169\213\17\43\92\7\64\42\149\81\109\14\99\16\42\54\7\42\206\7\35\253\206\42\140\81\16\139\149\177\33\187\43\42\149\92\42\140\62\194\194\194\90\251\109\109\213\33\109\109\213\251\194\147\33\116\117\74\122\42\115\195\175\105\105\42\118\34\13\76\42\132\245\132\119\98\98\168\189\196\119\161\189\105\133\161\189\105\42\13\76\6\231\42\248\199\41\213\245\111\118\104\41\76\27\140\255\34\241\104\98\132\105\42\13\76\6\231\42\104\13\118\125\104\76\42\118\241\248\62\13\140\255\83\76\255\241\118\98\248\105\42\116\117\165\122\42\115\197\104\167\97\196\189\196\196\189\251\185\108\13\97\209\188\150\27\52\245\111\216\241\245\34\248\97\220\6\6\227\104\17\122\157\188\48\196\133\104\167\97\235\133\133\195\104\209\216\195\167\133\227\227\150\125\83\139\115\185\252\129\122\125\189\227\227\150\125\83\139\115\185\252\129\122\125\189\62\150\217\189\111\116\117\32\122\42\115\179\83\34\213\76\255\41\34\56\63\20\41\213\199\20\0\13\203\175\154\189\20\41\213\199\20\0\206\203\125\56\56\126\119\126\77\168\63\91\168\63\84\56\56\119\175\133\77\147\63\91\147\63\84\56\56\119\175\140\70\119\63\77\56\119\116\117\213\138\26\115\195\221\224\60\221\132\132\201\109\109\83\37\129\155\60\132\178\109\60\129\224\60\129\132\132\201\109\109\60\244\198\178\83\132\224\83\132\16\34\255\206\19\181\68\80\109\109\60\178\60\60\132\224\60\60\132\201\250\163\181\209\206\181\137\206\186\140\137\181\111\80\163\2\68\48\224\114\34\181\68\255\116\117\185\128\56\115\175\89\183\197\193\193\193\41\232\93\206\2\93\206\232\193\54\132\2\54\132\206\206\89\157\1\218\79\89\183\210\183\232\67\106\119\89\218\79\205\184\89\179\88\14\114\210\144\157\131\14\79\244\15\192\1\166\131\193\183\206\116\117\55\136\176\115\157\215\128\61\107\14\215\145\128\187\208\145\61\215\187\44\65\19\128\253\86\82\61\86\44\187\127\65\148\215\128\61\107\148\127\148\148\211\127\149\208\61\86\116\117\212\138\26\115\197\64\67\205\182\108\131\136\205\185\139\136\180\113\79\59\174\197\33\136\205\185\139\136\180\162\79\225\108\108\108\59\36\177\59\128\131\223\59\128\131\177\108\59\151\223\59\151\131\131\200\108\108\82\82\154\59\131\177\108\59\220\223\59\220\131\131\200\108\108\108\82\59\177\59\105\131\223\59\105\131\177\108\116\116\128\115\115\115\175\175\174\147\175\174\151\151\148\152\152\152\175\176\153\175\178\151\147\175\178\151\153\152\168\147\168\151\151\148\152\152\168\153\175\167\151\147\175\167\151\148\152\152\178\173\154\175\151\153\152\174\147\174\151\151\227\169\222\213\242\116\117\20\120\64\115\172\180\33\69\9\240\195\254\180\8\63\180\48\63\3\249\48\180\98\69\254\219\33\229\245\43\59\180\33\18\180\98\64\220\220\4\230\9\225\235\220\9\34\245\9\34\225\225\180\88\28\13\58\180\98\69\98\235\116\117\77\122\42\115\169\171\192\199\45\16\79\9\234\45\251\202\44\216\248\114\121\107\44\79\30\143\2\37\244\107\101\135\108\45\16\79\9\234\45\107\16\121\128\107\79\45\121\244\251\65\16\143\2\86\79\2\244\121\101\116\117\225\134\142\115\164\39\236\65\96\11\77\236\217\236\236\217\11\143\163\125\49\125\208\229\133\143\237\30\209\171\236\159\65\65\96\11\77\159\65\65\229\30\58\20\229\65\152\220\163\246\228\218\106\144\116\116\176\115\115\115\175\239\115\136\136\127\138\127\135\137\136\127\126\131\127\126\135\135\170\144\144\196\197\209\207\196\144\207\209\184\201\191\239\189\199\123\120\192\223\121\144\204\197\144\196\197\209\207\196\144\194\194\126\241\187\194\219\187\201\198\209\116\116\203\115\115\115\154\216\150\152\214\235\172\174\147\166\156\140\162\164\224\211\155\124\216\157\157\225\142\160\157\128\160\166\169\174\235\176\169\175\197\235\235\172\174\147\116\116\239\115\115\115\165\138\128\176\126\136\188\183\127\160\154\199\199\199\192\202\193\200\196\193\200\202\199\193\192\196\193\192\200\200\148\180\141\124\133\146\123\136\134\133\199\197\197\197\200\207\129\140\123\124\129\116\116\20\115\115\115\195\66\244\104\10\90\4\88\98\7\4\96\85\108\252\2\2\2\251\244\55\66\56\30\244\244\67\93\60\75\59\6\100\78\73\56\113\9\15\58\71\66\53\72\59\65\66\252\2\2\2\251\30\244\244\244\244\64\65\53\51\64\244\66\93\63\76\60\53\64\101\64\55\15\252\252\3\254\3\251\253\116\117\194\134\142\115\196\186\120\101\25\120\101\205\205\128\34\34\34\34\151\122\141\198\65\34\94\56\113\65\34\46\255\128\34\34\34\34\34\34\141\84\34\236\83\217\170\122\27\198\235\198\65\73\73\186\186\186\101\243\120\205\25\120\205\243\186\101\196\25\101\196\205\205\34\94\122\65\236\128\34\34\34\34\34\34\34\34\116\116\45\115\115\115\162\59\82\65\66\59\71\13\78\76\53\68\62\110\64\70\2\245\61\94\84\106\54\63\0\94\108\60\66\110\90\5\7\7\7\6\35\13\13\13\13\13\13\82\73\60\82\35\116\115\234\115\115\115\168\10\10\10\10\10\10\10\10\92\79\94\95\92\88\10\88\83\86\244\10\10\10\10\10\10\79\88\78\244\10\10\10\10\79\88\78\244\10\10\79\88\78\244\79\88\78\244\86\89\77\75\86\10\116\116\254\115\115\115\192\92\113\82\63\65\85\85\77\44\77\95\108\96\114\57\102\35\30\98\87\30\90\87\91\93\90\30\112\48\58\63\88\50\113\107\49\98\59\41\71\63\35\30\92\113\82\63\65\85\85\77\44\77\95\108\96\114\57\102\41\112\48\58\63\88\50\113\107\49\98\59\30\97\88\98\244\90\116\115\9\115\115\115\170\120\108\106\117\41\126\80\63\77\122\125\93\131\120\131\59\116\70\111\126\119\108\125\114\120\119\49\89\82\89\90\80\97\125\65\114\118\77\74\130\62\53\85\59\76\114\99\85\90\64\127\129\50\41\123\116\116\72\115\115\115\180\35\20\19\26\46\104\248\15\248\247\5\0\20\96\47\43\4\7\31\83\1\12\90\9\47\2\12\247\85\22\32\251\104\35\46\36\82\44\45\41\39\44\104\12\246\15\22\17\250\26\12\37\247\91\42\19\244\5\3\47\47\247\90\247\37\116\117\252\118\30\115\178\82\46\88\227\100\13\79\221\52\103\55\146\236\106\97\40\25\161\116\109\143\140\149\128\116\116\143\140\143\125\149\119\131\149\119\128\116\116\143\143\158\125\143\152\119\131\143\152\119\128\116\116\143\140\146\125\155\119\131\155\119\128\143\116\116\31\115\115\115\199\15\16\243\247\247\16\16\15\249\16\248\250\247\16\17\244\16\17\248\248\243\247\247\16\16\7\249\16\248\250\247\16\15\244\16\15\248\248\68\248\100\25\56\61\255\83\109\88\77\90\113\81\83\62\112\255\75\55\60\53\25\255\255\65\76\107\94\92\56\56\112\17\112\62\81\61\75\84\71\4\83\109\88\77\116\117\38\136\176\115\195\77\224\128\98\153\203\110\131\248\111\2\149\111\195\132\198\241\207\140\52\198\170\174\111\44\248\198\198\48\191\10\249\207\195\195\203\64\203\153\128\132\170\119\254\39\241\207\140\52\248\111\44\90\248\2\65\69\27\2\198\216\35\153\191\140\77\40\106\132\69\144\253\198\90\65\198\2\65\69\27\116\116\197\115\115\115\191\177\229\137\168\147\178\146\168\154\168\168\218\175\140\226\156\203\229\229\150\140\173\158\174\211\117\155\152\169\128\216\237\156\237\237\214\213\221\236\212\238\242\212\238\241\237\237\214\214\214\236\214\218\238\242\214\218\238\241\237\237\237\222\216\236\221\238\242\221\238\236\237\214\218\242\214\116\116\20\115\115\115\197\7\251\251\0\3\4\4\79\251\0\30\244\244\67\93\60\75\59\6\100\78\73\56\113\9\252\77\252\252\3\3\7\254\3\251\253\252\3\12\255\3\12\251\251\0\3\3\10\0\3\3\8\0\252\252\3\4\7\253\3\12\251\255\3\12\251\0\252\252\3\3\4\253\3\12\251\255\3\12\251\0\252\116\116\233\115\115\115\151\209\186\185\184\207\186\210\208\209\186\194\206\186\194\210\210\126\210\205\239\201\201\122\176\145\130\146\183\153\127\116\133\156\180\209\128\116\116\210\115\115\115\168\234\234\225\225\220\231\225\222\233\229\225\222\233\230\234\234\234\217\219\231\224\233\229\224\233\231\234\223\229\223\233\233\230\217\218\230\234\234\225\226\218\232\225\233\231\234\224\224\229\224\224\233\233\116\116\53\115\115\115\181\97\93\93\93\102\101\102\92\102\100\94\98\102\100\94\92\93\109\98\109\94\94\50\94\97\59\85\85\38\252\29\46\30\99\5\43\40\25\16\104\93\44\93\93\110\110\92\102\102\94\98\102\102\94\97\93\93\102\101\105\91\102\94\92\93\102\116\117\55\120\64\115\151\74\24\44\74\4\4\19\255\255\255\84\74\14\44\54\4\24\44\54\4\14\255\44\44\24\44\44\4\4\19\44\44\59\168\4\19\116\117\126\120\64\115\196\176\30\30\179\245\134\219\139\120\14\224\209\114\89\145\70\229\155\155\90\70\70\70\115\115\115\85\115\130\75\95\115\130\75\85\70\150\95\150\75\75\90\70\70\70\115\115\110\85\120\75\95\120\75\85\70\115\140\95\115\140\75\75\90\70\70\70\155\155\85\135\75\95\135\75\85\70\145\95\145\75\116\115\254\115\115\115\196\39\42\38\38\55\53\41\53\39\43\53\39\42\38\38\47\47\52\40\47\39\41\38\47\46\43\47\46\39\39\123\39\8\123\57\30\104\71\101\115\76\73\120\50\100\97\64\59\66\101\112\107\75\101\115\101\101\51\108\73\30\99\108\98\8\106\109\97\95\106\30\81\115\120\67\101\114\82\102\55\118\116\116\135\115\115\115\156\162\167\227\238\167\235\238\234\232\235\167\192\148\240\193\205\235\198\153\237\198\156\212\198\149\195\216\211\179\225\238\225\153\242\175\233\212\179\198\196\240\116\115\167\115\115\115\193\16\248\217\248\14\25\13\27\244\31\211\17\240\14\28\245\242\33\219\13\10\233\2\207\207\216\210\223\208\212\223\208\4\208\226\199\250\28\33\236\14\27\251\15\224\31\228\0\220\16\1\245\19\238\217\21\238\199\12\21\11\177\19\22\10\8\19\199\253\12\6\25\239\32\8\218\241\13\116\115\233\115\115\115\193\59\25\31\53\57\36\9\77\88\9\85\88\76\74\85\9\82\33\59\33\47\61\78\82\63\25\30\59\38\94\48\31\45\90\93\61\99\88\99\27\84\17\75\94\61\48\46\82\82\58\27\58\80\91\79\93\54\97\21\83\50\80\94\55\52\99\29\79\76\43\68\27\70\18\9\88\91\9\116\115\206\115\115\115\158\65\66\64\55\60\53\9\238\36\51\45\64\22\71\47\1\24\52\32\254\4\26\30\11\55\6\32\6\20\34\51\55\36\254\3\32\238\51\60\50\216\58\61\116\117\211\118\30\115\180\252\246\23\51\35\159\156\29\14\23\159\255\216\216\117\174\38\138\50\168\117\159\38\47\207\65\32\65\105\20\75\249\50\207\168\162\14\14\198\105\198\8\41\5\47\186\59\87\17\174\8\50\189\180\65\111\5\252\153\228\75\75\75\108\84\116\116\32\115\115\115\157\18\247\243\18\247\249\248\15\8\243\15\8\247\247\99\247\0\53\82\0\76\63\66\52\59\26\52\53\65\63\52\0\90\76\11\113\12\59\108\94\63\77\116\117\68\136\176\115\153\74\158\141\78\128\179\27\228\120\95\228\32\95\99\57\32\228\124\191\212\99\141\32\195\216\195\246\124\116\69\221\23\178\216\137\200\40\70\116\117\7\118\30\115\178\84\117\157\72\127\9\54\36\93\223\114\42\160\229\57\253\151\169\235\247\139\69\226\60\102\241\232\117\163\57\48\205\24\127\127\163\136\172\130\142\172\130\30\130\184\103\229\99\166\0\163\54\3\217\42\108\81\93\54\45\235\96\190\116\116\14\115\115\115\204\54\71\62\107\113\106\75\82\75\100\54\94\46\113\104\114\4\106\103\107\109\106\46\102\85\34\112\65\76\74\75\76\109\112\98\73\108\102\74\19\46\114\103\46\106\103\107\109\106\46\107\77\93\94\95\68\109\108\94\25\97\79\32\82\93\98\66\84\103\84\28\99\38\94\82\75\104\101\106\82\114\63\63\32\69\93\42\100\69\116\115\128\115\115\115\168\231\245\206\203\250\180\230\227\194\219\168\168\181\171\177\182\169\173\177\182\169\221\169\187\160\232\249\180\230\213\194\204\195\194\225\230\244\205\226\232\204\189\227\193\241\240\247\202\225\226\240\160\229\116\117\15\120\64\115\203\53\3\65\43\58\254\244\43\175\209\124\18\189\4\204\14\68\4\88\44\54\175\3\58\175\43\58\254\244\43\175\23\98\9\134\209\255\104\48\199\64\118\128\54\175\209\124\18\189\4\204\14\68\4\88\44\64\23\98\9\134\209\255\104\48\199\175\8\53\3\65\43\58\254\244\43\175\3\234\78\83\9\63\129\88\249\88\34\116\117\126\138\26\115\202\47\188\142\249\22\22\229\91\229\111\45\137\229\111\45\100\50\119\99\53\50\94\96\56\19\13\243\157\19\50\246\7\70\188\59\19\128\203\94\122\119\94\50\119\99\53\50\94\50\47\85\116\125\99\197\211\27\1\70\249\96\237\50\203\94\96\56\19\13\243\157\19\50\246\7\70\188\59\19\128\249\50\47\85\116\125\99\116\116\2\115\115\115\159\81\111\87\109\106\34\93\84\94\248\86\83\95\97\86\34\51\43\59\113\107\51\44\110\67\114\85\94\37\26\26\49\23\45\25\21\45\25\248\86\83\95\97\86\116\117\225\128\56\115\179\129\85\119\54\59\241\2\93\132\19\111\76\228\224\129\245\132\129\93\132\232\206\93\129\24\111\241\80\232\28\119\228\115\210\250\233\233\81\3\94\246\16\233\94\185\42\94\185\246\246\224\129\85\119\54\59\241\2\93\132\19\111\76\228\116\117\238\136\176\115\204\239\189\172\126\181\13\97\244\105\80\135\142\55\244\34\192\202\9\13\227\202\142\17\93\59\59\189\151\222\59\72\252\252\76\197\142\34\9\142\202\9\13\227\202\142\13\105\177\84\252\172\17\59\239\5\47\197\142\17\93\59\59\189\151\222\59\72\252\252\76\239\13\105\177\84\252\172\17\59\142\55\244\34\192\202\9\13\227\202\116\116\225\115\115\115\176\193\130\145\155\119\125\156\172\122\169\115\126\150\200\193\125\116\193\117\116\128\130\117\193\171\174\202\122\115\208\203\177\175\198\136\168\185\185\210\183\210\186\184\185\210\202\182\210\202\186\186\166\198\210\203\209\181\168\185\185\207\116\116\248\115\115\115\180\33\35\31\27\35\31\75\43\32\32\32\42\40\38\33\39\40\31\27\39\40\31\33\32\39\36\27\39\36\31\31\107\49\24\87\104\54\98\84\53\69\95\80\94\83\59\43\70\67\47\95\94\41\38\72\74\24\83\94\84\2\69\105\79\79\116\117\215\128\56\115\171\14\88\71\92\161\53\53\5\118\196\135\101\57\235\114\66\44\79\109\248\192\118\223\223\84\249\84\236\6\223\84\71\32\84\71\236\236\144\144\240\5\200\109\222\187\44\122\109\223\166\166\62\187\244\57\18\116\115\200\115\115\115\162\18\26\29\31\51\48\241\210\232\232\34\17\47\30\249\33\251\57\249\61\1\35\235\34\17\47\30\249\33\251\57\249\61\1\243\240\240\240\249\243\0\241\245\0\241\243\240\116\116\207\115\115\115\157\224\215\228\224\215\232\232\116\212\168\153\140\167\220\219\169\173\135\162\231\138\138\146\155\128\169\174\137\129\124\126\170\167\232\201\239\239\171\118\162\155\225\116\115\203\115\115\115\196\59\21\64\45\64\2\66\61\59\8\47\42\62\63\253\59\21\64\45\64\2\66\61\59\246\243\243\252\246\252\252\244\248\252\252\244\213\235\235\26\2\18\60\66\26\1\63\42\59\56\47\8\243\243\252\245\252\244\246\243\252\2\248\252\2\244\244\213\48\57\47\213\34\62\36\36\30\16\251\36\61\116\115\253\115\115\115\173\83\83\99\88\94\109\67\103\97\68\84\102\85\107\98\74\88\37\37\47\39\46\38\40\37\52\42\52\38\38\90\90\58\99\114\107\96\113\102\108\107\37\38\7\29\29\105\108\96\94\105\29\81\100\99\80\112\82\116\117\162\120\64\115\196\15\40\246\236\155\211\170\255\166\160\75\236\30\241\236\135\160\230\35\140\170\30\106\100\15\165\80\151\95\161\215\151\235\191\111\212\66\66\190\205\145\135\190\66\255\150\60\240\50\245\35\230\171\165\195\166\126\0\205\50\165\30\80\171\50\236\30\175\55\125\211\65\235\4\251\165\230\70\170\191\250\116\116\125\115\115\115\169\149\209\224\223\204\236\210\182\183\193\187\226\153\215\214\217\153\240\213\204\210\216\166\177\242\177\191\235\227\149\149\174\174\148\175\165\154\175\165\150\150\153\219\242\209\192\194\214\214\206\171\206\224\235\116\115\217\115\115\115\189\63\77\38\81\2\227\249\249\66\63\249\71\72\77\249\82\61\43\79\41\80\38\77\14\64\70\13\249\77\65\62\71\249\43\43\32\65\59\67\27\37\10\29\28\65\1\56\32\5\1\63\78\71\60\77\66\72\71\1\2\69\72\60\58\69\249\68\22\1\1\16\18\4\18\116\116\82\115\115\115\182\105\101\89\105\87\38\35\47\49\38\114\48\85\23\97\90\98\102\97\89\95\102\106\106\97\89\95\103\95\105\101\95\105\102\106\106\106\97\89\98\103\97\97\105\101\97\97\105\103\106\97\94\101\97\94\105\105\102\106\106\97\89\95\104\97\105\103\116\115\215\115\115\115\192\255\8\7\4\8\7\0\0\84\18\61\70\73\247\64\20\255\255\255\8\2\8\15\0\4\8\15\0\2\255\16\4\16\0\0\3\250\57\247\59\70\247\67\70\58\56\67\247\77\20\57\50\64\52\4\66\18\247\64\61\247\77\19\255\255\7\1\8\0\2\255\8\15\4\8\15\0\116\115\233\115\115\115\184\18\9\93\81\78\87\9\95\38\95\20\27\30\31\9\78\87\77\36\9\75\68\82\70\38\92\93\91\82\87\80\23\76\81\74\91\17\95\18\9\78\87\77\36\9\91\78\93\94\91\87\9\93\74\75\85\78\23\76\88\87\76\74\93\17\75\18\9\78\116\115\77\115\115\115\152\187\177\118\117\118\118\117\147\188\157\180\153\163\130\157\143\153\182\158\172\118\109\178\187\177\87\109\109\198\177\159\195\157\196\154\193\130\116\117\199\134\142\115\181\108\222\163\191\210\133\39\39\164\220\12\42\156\164\201\99\212\23\222\51\78\191\191\2\2\248\106\220\210\30\106\220\210\133\70\241\51\133\60\80\98\98\240\230\87\98\61\41\41\89\136\191\191\87\248\201\210\30\201\210\174\78\89\118\241\32\116\116\171\115\115\115\203\191\196\202\201\131\132\165\139\139\234\130\242\188\194\234\129\191\218\187\200\207\120\131\131\131\116\116\134\124\125\132\136\124\125\132\134\131\124\129\136\124\129\132\132\165\208\201\207\165\194\195\196\199\208\139\191\189\192\208\139\207\202\165\139\139\196\209\139\234\130\242\188\194\234\129\191\218\187\200\207\120\120\131\131\124\133\124\132\116\117\167\118\30\115\184\40\31\58\61\46\58\61\34\34\7\3\223\214\241\197\7\7\7\7\241\169\64\130\160\82\64\235\127\196\15\253\136\64\145\94\196\9\151\106\157\154\241\160\73\175\220\196\226\154\184\211\196\0\3\61\247\133\6\205\6\76\12\253\247\190\197\7\7\7\116\116\218\115\115\115\151\186\129\116\186\124\123\134\186\124\164\199\161\167\209\199\126\162\171\146\136\159\199\156\186\134\130\117\124\186\155\195\147\137\131\155\196\116\116\1\115\115\115\183\109\68\113\86\93\38\25\25\42\42\24\50\49\26\22\50\49\26\33\94\85\112\94\33\52\44\60\114\108\52\43\109\68\113\86\93\38\25\25\47\24\41\26\22\41\26\33\94\83\93\247\33\33\94\85\112\94\90\91\33\52\44\60\114\108\52\43\109\116\115\36\115\115\115\171\131\148\145\136\97\97\76\76\86\79\85\84\77\81\85\84\77\68\152\140\137\146\46\68\68\68\68\144\147\135\133\144\68\158\131\90\137\106\135\116\116\116\111\123\95\68\136\147\68\144\147\135\133\144\68\141\116\115\241\115\115\115\192\34\36\102\83\106\59\39\107\73\37\46\72\100\74\74\68\54\33\74\99\71\71\87\76\82\97\55\91\85\56\72\90\73\95\86\62\76\95\71\36\58\68\42\36\93\57\80\105\99\60\36\63\31\96\97\78\17\96\99\17\25\25\33\27\34\26\28\25\34\37\30\34\37\26\26\78\17\116\116\176\115\115\115\201\197\194\144\221\193\215\215\225\235\128\215\194\222\222\206\217\136\136\128\138\127\135\137\136\127\120\131\127\120\135\135\211\121\144\186\213\126\203\238\209\224\224\224\233\221\115\199\127\129\187\210\183\234\126\186\216\124\144\203\198\204\170\144\144\144\144\186\213\126\203\238\209\224\224\224\233\221\136\198\222\129\231\225\119\129\196\116\117\138\128\56\115\199\50\93\162\84\89\33\128\159\12\42\42\171\6\97\171\223\184\42\141\85\37\71\149\141\72\110\93\58\19\158\163\163\146\146\146\33\185\72\159\211\72\159\185\146\7\98\211\7\98\159\159\42\110\210\171\32\12\42\42\42\42\28\63\197\232\7\15\33\71\7\123\111\41\81\28\63\197\232\7\15\33\71\7\123\116\116\63\115\115\115\188\104\90\87\87\112\89\112\88\90\87\112\112\84\112\112\88\88\4\100\24\41\252\23\108\107\25\29\247\50\87\21\13\114\248\18\104\114\19\247\6\39\49\250\114\245\88\57\95\95\95\95\27\6\50\43\113\47\249\44\33\44\110\46\49\47\100\27\6\50\43\113\47\249\116\117\245\132\100\115\159\186\119\186\156\220\135\101\208\157\157\54\208\54\37\174\242\54\37\174\159\21\21\21\21\52\156\172\118\220\52\139\169\68\101\50\153\2\157\157\54\191\54\174\208\116\115\38\115\115\115\201\78\87\95\83\87\95\79\79\48\70\70\139\146\153\139\143\140\70\117\93\109\151\157\117\92\154\133\150\147\138\99\99\78\78\90\81\87\91\79\83\87\91\79\70\154\142\139\148\48\70\70\70\70\117\93\109\151\157\117\92\154\133\150\147\138\99\78\78\87\80\87\79\81\78\87\94\83\87\94\79\79\48\70\70\139\146\116\115\183\115\115\115\190\42\28\32\29\215\6\238\254\40\46\6\237\43\22\39\36\27\244\244\223\223\238\225\232\224\226\223\232\235\228\232\235\224\224\215\43\31\28\37\193\215\215\215\215\251\37\32\249\7\28\35\38\49\253\14\6\244\251\37\32\249\7\28\35\38\49\253\14\6\226\223\223\232\226\232\116\117\22\120\64\115\164\41\227\247\11\41\227\72\182\182\182\182\35\20\182\106\60\35\96\166\15\50\65\120\116\201\161\76\222\222\16\232\11\227\237\222\16\16\247\16\16\227\227\182\90\30\15\60\182\161\116\117\208\128\56\115\192\155\107\141\219\211\142\180\163\128\89\228\233\216\216\77\255\155\229\25\155\229\112\241\76\167\241\112\211\155\107\141\219\211\142\180\163\128\89\228\233\155\112\241\102\228\82\112\112\241\76\167\241\82\112\112\112\112\202\154\241\189\63\82\112\112\241\102\228\82\112\112\37\254\112\216\228\163\116\115\231\115\115\115\163\90\91\25\87\49\92\73\92\30\94\89\87\12\15\15\32\30\18\30\16\20\30\16\16\36\36\15\15\15\24\26\18\28\16\20\28\16\18\15\24\26\20\24\26\16\16\7\72\116\115\192\115\115\115\181\46\36\224\15\247\7\49\55\15\246\52\31\48\45\36\253\253\241\224\33\46\36\224\4\46\41\2\16\37\44\47\58\6\23\15\253\253\240\224\52\40\37\46\224\15\247\7\49\55\15\246\52\31\48\45\36\253\247\224\37\46\36\202\37\46\36\116\117\205\120\64\115\152\255\109\109\109\109\2\53\23\178\218\48\63\203\253\254\194\189\204\199\255\109\109\198\233\12\198\255\109\109\109\109\183\7\198\178\228\255\116\115\131\115\115\115\165\163\163\232\241\231\141\163\163\236\233\163\250\184\209\186\248\202\232\245\202\185\186\212\250\193\181\163\228\241\231\163\244\203\197\228\236\202\205\233\243\192\192\186\183\185\163\247\235\232\241\116\115\14\115\115\115\204\46\127\86\80\111\119\85\88\116\126\75\63\62\65\64\46\115\124\114\24\115\124\114\24\46\46\115\122\129\115\119\116\46\54\54\54\95\95\116\70\101\118\120\94\71\59\95\95\116\70\101\118\120\94\71\55\57\63\55\75\75\64\55\46\130\118\115\124\24\46\46\46\46\122\125\113\111\122\46\87\98\63\88\118\101\84\125\69\83\116\117\43\128\56\115\170\2\124\63\68\155\173\203\203\203\203\54\115\128\167\76\203\224\111\168\237\115\150\185\206\246\172\2\124\63\55\168\203\63\206\203\224\111\168\237\115\150\185\206\246\172\2\124\63\68\224\111\168\237\115\150\116\115\88\115\115\115\183\158\199\143\157\203\173\188\131\137\120\189\198\188\98\120\120\189\196\203\189\98\120\120\120\120\196\199\187\185\196\120\161\172\137\162\192\175\158\199\143\157\203\173\188\149\128\145\131\139\137\129\133\128\145\131\139\137\129\98\120\120\120\120\193\190\120\161\172\116\117\162\136\176\115\154\167\180\42\197\96\189\37\75\17\155\214\248\163\146\66\38\42\235\168\66\159\134\167\180\42\197\96\189\37\75\17\155\214\163\159\134\167\180\42\116\115\28\115\115\115\139\115\98\139\83\97\143\113\128\71\77\60\129\138\128\38\60\60\129\138\128\38\129\138\128\117"
local tYvdFXIckZ01={string.byte(Q86YbbyCFUSu,1,#Q86YbbyCFUSu)}
for i=1,#tYvdFXIckZ01 do
  local v=tYvdFXIckZ01[i]-115
  if v<0 then v=v+256 end
  tYvdFXIckZ01[i]=v
end
local function OMAbEsJY2Qi(s,p)
  local v=s[p]
  return v,p+1
end
local KtEzttwyi5t={}
do
  local p=1
  while p<=#tYvdFXIckZ01 do
    local op; op,p=OMAbEsJY2Qi(tYvdFXIckZ01,p)
    if op==2 then
      KtEzttwyi5t[#KtEzttwyi5t+1]={op=op}
    elseif op==1 then
      local m,k,a,ia,lh,ll
      m,p=OMAbEsJY2Qi(tYvdFXIckZ01,p)
      k,p=OMAbEsJY2Qi(tYvdFXIckZ01,p)
      a,p=OMAbEsJY2Qi(tYvdFXIckZ01,p)
      ia,p=OMAbEsJY2Qi(tYvdFXIckZ01,p)
      lh,p=OMAbEsJY2Qi(tYvdFXIckZ01,p)
      ll,p=OMAbEsJY2Qi(tYvdFXIckZ01,p)
      local len=(lh*256)+ll
      local b={}
      for i=1,len do
        b[i],p=OMAbEsJY2Qi(tYvdFXIckZ01,p)
      end
      KtEzttwyi5t[#KtEzttwyi5t+1]={op=op,m=m,k=k,a=a,ia=ia,b=b}
    else
      break
    end
  end
end
local function __vm_bxor(a,b)
  local r=0
  local bit=1
  while a>0 or b>0 do
    local aa=a%2
    local bb=b%2
    if aa~=bb then r=r+bit end
    a=(a-aa)/2
    b=(b-bb)/2
    bit=bit*2
  end
  return r
end
local function jtlE3nnkEBK(e)
  local t={}
  for i=1,#e.b do
    local v
    if e.m==1 then
      v=__vm_bxor(e.b[i],e.k)
    elseif e.m==2 then
      v=((e.b[i]-e.k)*e.ia)%256
      if v<0 then v=v+256 end
    else
      v=e.b[i]-e.k
      if v<0 then v=v+256 end
    end
    t[i]=string.char(v)
  end
  return table.concat(t)
end
local function PAb62__3x(t)
  local s={}
  for i=1,#t do s[i]=string.char(t[i]) end
  return table.concat(s)
end
local fwk2W_osvjS2F=_G
local kSv7mIveJj3=function(a,b) return a[b] end
local X4VSLHImwCR=fwk2W_osvjS2F[PAb62__3x({103,101,116,102,101,110,118})]
if X4VSLHImwCR then
  fwk2W_osvjS2F=X4VSLHImwCR()
elseif _ENV then
  fwk2W_osvjS2F=_ENV
end
local IK2nV7u4EO={
  PAb62__3x({108,111,97,100}),
  PAb62__3x({115,116,114,105,110,103}),
  PAb62__3x({116,97,98,108,101}),
  PAb62__3x({99,104,97,114}),
  PAb62__3x({99,111,110,99,97,116})
}
local RL5IQ5ttjudTX=kSv7mIveJj3(fwk2W_osvjS2F,IK2nV7u4EO[1])
local hAcMFuGT6n=kSv7mIveJj3(fwk2W_osvjS2F,IK2nV7u4EO[2]) or string
local O0KOSeG1x=kSv7mIveJj3(fwk2W_osvjS2F,IK2nV7u4EO[3]) or table
local nR4Oz4Sr4Hx=kSv7mIveJj3(hAcMFuGT6n,IK2nV7u4EO[4])
local Upl7TBggza=kSv7mIveJj3(O0KOSeG1x,IK2nV7u4EO[5])
local kI1JDzoxtDB={}
local CvpXJ9mD=1
local c0Qz2IDB=nil
local H9fz1F4BIBzLQ=1
local Fd4pvyUvEc=0
local bG_v2TX2FnLZ8={}
local __vm_op_alias={[1]=163,[2]=192}
bG_v2TX2FnLZ8[__vm_op_alias[1]]=function(ins)
  kI1JDzoxtDB[#kI1JDzoxtDB+1]=jtlE3nnkEBK(ins)
  CvpXJ9mD=CvpXJ9mD+1
  H9fz1F4BIBzLQ=1
end
bG_v2TX2FnLZ8[__vm_op_alias[2]]=function()
  local p_s4OEOfpezwF=Upl7TBggza(kI1JDzoxtDB)
  local dGEW04tvSkZ,i0CUSTB1T=RL5IQ5ttjudTX(p_s4OEOfpezwF,nil,"t",fwk2W_osvjS2F)
  if not dGEW04tvSkZ then error(i0CUSTB1T) end
  dGEW04tvSkZ()
  H9fz1F4BIBzLQ=99
end
bG_v2TX2FnLZ8[0]=function()
  H9fz1F4BIBzLQ=99
end
while true do
  if H9fz1F4BIBzLQ==1 then
    c0Qz2IDB=KtEzttwyi5t[CvpXJ9mD]
    if not c0Qz2IDB then H9fz1F4BIBzLQ=99 else H9fz1F4BIBzLQ=2 end
  elseif H9fz1F4BIBzLQ==2 then
    local __h=bG_v2TX2FnLZ8[__vm_op_alias[c0Qz2IDB.op] or 0] or bG_v2TX2FnLZ8[0]
    __h(c0Qz2IDB)
  elseif H9fz1F4BIBzLQ==3 then
    kI1JDzoxtDB[#kI1JDzoxtDB+1]=jtlE3nnkEBK(c0Qz2IDB)
    CvpXJ9mD=CvpXJ9mD+1
    H9fz1F4BIBzLQ=1
  elseif H9fz1F4BIBzLQ==4 then
    H9fz1F4BIBzLQ=1
  elseif H9fz1F4BIBzLQ==7 then
    Fd4pvyUvEc=Fd4pvyUvEc+1
    if Fd4pvyUvEc>2 then H9fz1F4BIBzLQ=1 else H9fz1F4BIBzLQ=7 end
  else
    break
  end
  if (CvpXJ9mD%97)==13 and H9fz1F4BIBzLQ==1 and Fd4pvyUvEc==0 then H9fz1F4BIBzLQ=7 end
end